,Unnamed: 0,id,description,price,street,neighborhood,bedrooms,squareFeet,hasBalcony,hasShelter,hasMamad,listingLink,source,propertyType,latitude,longitude,group,geometry,walking_distance_bgu_gate_m,walking_distance_block_center_m,walking_distance_ringelblum_m,walking_distance_sophrim_park_m,walking_distance_metzadah_m,walking_distance_nearest_bar_m,walking_distance_nearest_cafe_m,walking_distance_nearest_restaurant_m,walking_distance_student_hub_m
0,20,03192241-2b21-4887-9fa3-ec62ae56a7e4,"מחפשים 2 שותפים לדירה ל 3 שותפים.

מול אוניברסיטה וסורוקה דירה 4 חד' ברח' שלומה
המלך 9/8 קרקע ע""ע , מרפסת גדולה . אזור
סטודנטיאלי.

*/ מרפסת גדולה.

*/ דירה מאוד יפה , סלון גדול, בכל חדר מזגן ,
מרוהטת קומפלט .

*/ פרצלן קרמיקה בכל הבית, ארונות מטבח חדשים.
דירה אחרי שיפוץ.

*/ מקלחת אחרי שיפוץ .

*/ יש חניה,קרוב לבנקים, קרוב למקומות בילוי, תחנת
אוטובוסים.

*/ דירה מתאימה ל 3 שותפים.

*/ דוד שמש וחשמל, גז מרכזי,כל  חלונות אם רשתות
וחדשים.

*/ יש 2 שירותים ומקלחת

*/קרוב לדירה מגרש ספורט, מקלט בקרבה.

כניסה ב1/9/25 , דירה 86 מ""ר. מחיר 4,000 ש""ח.

נייד 050-2777715 פחות",4000,המלך שלמה 9,Shchuna D,4.0,86.0,1,1,0,https://www.facebook.com/groups/532324530266141/posts/3506084699556761/,facebook,דירה,31.2610593243471,34.7974210581481,,POINT (34.79742105814808 31.26105932434714),1118.1,198.8,1613.8,666.3,1863.8,1041.8,274.0,245.8,198.8
1,35,7233c651-0aa6-4079-a73e-d72cf52a1594,"מפנה דירת 3 חדרים במיקום
מושלם לאחר 3 שנים בנסיבות
משמחות 😊
לכניסה ב-01.06 לחוזה קיים עד סוף אוגוסט (גמיש) +
אופציה לחידוש חוזה בספטמבר

פרטים:

* דירת 3 חדרים  + מיני מחסן (60 מ""ר) מרוהטת
ומשופצת ברח' יוסף בן מתתיהו 42 (ו' הישנה)  💐

* מתאימה ל-2 שותפים / זוג / יחיד

* מיקום מושלם ועורפי - על האוניברסיטה (חצי דקת
הליכה משער 90 או שער רגר) ודקה מכל הברים
בסביבה 🥂

* מרוהטת ומאובזרת (מקרר ומכונת כביסה חדשים)

* קיים מקלט בבניין 

* חנייה בשפע מתחת לבניין, קרובה לתחב""צ

* בעלת דירה אדיבה וקשובה

* שכ""ד: 2,600₪+ חשבונות סטנדרטיים 

לפרטים נוספים ניתן לפנות אליי בוואצפ 😊

עינת- 0556622195",2600,יוסף בן מתתיהו 42,Shchuna D,3.0,60.0,0,1,0,https://www.facebook.com/groups/213195335405493/posts/27088513057447023/,facebook,דירה,31.2644028698138,34.8004073389682,"{'listingCount': 5, 'priceHistory': [{'date': '2026-05-20T17:19:23.573Z', 'price': 2600, 'apartmentId': '7a588aba-0208-4d94-929c-e8517b7f3269'}, {'date': '2026-05-19T10:23:40.847Z', 'price': 2600, 'apartmentId': '48f16feb-8964-4e5a-919c-03de37dda472'}, {'date': '2026-05-17T06:48:48.640Z', 'price': 2600, 'apartmentId': '7233c651-0aa6-4079-a73e-d72cf52a1594'}, {'date': '2026-05-02T13:52:25.665Z', 'price': 2600, 'apartmentId': '8e6ac447-dbe3-4577-8d7d-76498a85151a'}, {'date': '2026-04-30T18:53:16.677Z', 'price': 2600, 'apartmentId': '12f4829d-99b2-4d5a-81bb-33d3a142c528'}]}",POINT (34.80040733896817 31.26440286981379),891.1,1100.3,871.7,1443.0,2640.5,1518.3,1065.2,850.1,871.7
2,38,c19eea09-7618-4c9e-81be-b547b23b1243,"דירה אידיאלית לסטודנטיםיות, ממוקמת צמוד לשער 90, באזור סטודנטיאלי, הדירה יפה ומוארת ומרווחת, מתאימה במיוחד לזוג או ל- 2 שותפיםות",2800,יוסף בן מתתיהו 34,Shchuna D,3.0,50.0,0,0,0,https://www.komo.co.il/code/nadlan/details/?modaaNum=4857614,komo,דירה,31.264813,34.800126,,POINT (34.800126 31.264813),187.7,1385.1,497.4,1714.8,2676.5,1440.6,876.7,59.1,497.4
3,50,845f5352-cf01-4e21-a462-83cc07bf6150,"במגדלי אביסרור היוקרתיים דירת 5 חדרים מדהימה.הכל משודרג.
קומה 17 עם נוף חלומי,עורפית.
2 חניות ומחסן.
לטווח ארוך בלבד",6500,יצחק רגר,Shchuna D,5.0,140.0,1,0,1,https://www.yad2.co.il/realestate/item/brxf94t7,yad2,דירה,31.2600322935323,34.7979546218905,,POINT (34.7979546218905 31.2600322935323),899.9,345.9,1395.6,688.5,1886.1,447.0,442.2,414.1,345.9
4,66,homendy_18,"רחוב: יוחנן הורקנוס 45 שכונה: שכונה ד מעגל 1 ( מפת המעגלים ) 2 חדרים קומה 0 מתוך 1 42 מ""ר 2500 ₪ מנדי שקד 0546100158 | מספר: 45 ריהוט: יש כניסה: 01/09/25 חצר/מרפסת: יש ארנונה: 400 ועד בית: 0 מעלית: אין דוד שמש: יש שתף באמצעות: פתיחה בעמוד חדש סגור
מרוהטת.",2500,יוחנן הורקנוס 45,Shchuna D,2.0,42.0,1,0,0,https://www.homendy.co.il/apts/18/modal,homendy,דירה,31.2673956,34.7961531,,POINT (34.7961531 31.2673956),679.2,1434.6,729.3,1410.5,2207.4,971.5,853.3,984.5,729.3
5,67,homendy_19,"רחוב: יוחנן הורקנוס 45 שכונה: שכונה ד מעגל 1 ( מפת המעגלים ) 3 חדרים קומה 0 מתוך 1 65 מ""ר 2550 ₪ מנדי שקד 0546100158 | מספר: 45 ריהוט: יש כניסה: כניסה גמישה חצר/מרפסת: יש ארנונה: 200 ועד בית: 0 מעלית: אין דוד שמש: יש שתף באמצעות: פתיחה בעמוד חדש סגור
מרוהטת.",2550,יוחנן הורקנוס 45,Shchuna D,3.0,65.0,1,0,0,https://www.homendy.co.il/apts/19/modal,homendy,דירה,31.2673956,34.7961531,,POINT (34.7961531 31.2673956),679.2,1434.6,729.3,1410.5,2207.4,971.5,853.3,984.5,729.3
6,69,homendy_21,"רחוב: אלכסנדר ינאי 32 שכונה: שכונה ד מעגל 1 ( מפת המעגלים ) 3 חדרים קומה 2 מתוך 2 70 מ""ר 2900 ₪ ביני שקד 0528938815 | מספר: 32 ריהוט: יש כניסה: 10/10/23 חצר/מרפסת: יש ארנונה: כלול ועד בית: כלול מעלית: אין דוד שמש: יש שתף באמצעות: פתיחה בעמוד חדש סגור
מרוהטת.",2900,אלכסנדר ינאי 32,Shchuna D,3.0,70.0,1,0,0,https://www.homendy.co.il/apts/21/modal,homendy,דירה,31.26305,34.7967357,,POINT (34.7967357 31.26305),1220.4,1309.0,1352.5,1150.1,2054.9,800.6,1394.6,145.9,1150.1
7,81,homendy_229,"רחוב: אלכסנדר ינאי 23 שכונה: שכונה ד מעגל 1 ( מפת המעגלים ) 3 חדרים קומה 2 מתוך 2 50 מ""ר 2650 ₪ דפנה עזוז 0526554051 | מספר: 23 ריהוט: חלקי כניסה: 01/09/25 חצר/מרפסת: יש ארנונה: 200 ועד בית: כלול מעלית: אין דוד שמש: יש שתף באמצעות: פתיחה בעמוד חדש סגור",2650,אלכסנדר ינאי 23,Shchuna D,3.0,50.0,1,0,0,https://www.homendy.co.il/apts/229/modal,homendy,דירה,31.2622679,34.7968411,,POINT (34.7968411 31.2622679),474.7,778.0,970.4,853.3,1262.2,54.8,648.8,914.1,778.0
8,86,homendy_262,"רחוב: יוחנן הורקנוס 41 שכונה: שכונה ד מעגל 1 ( מפת המעגלים ) 4 חדרים קומה 1 מתוך 3 60 מ""ר 2800 ₪ אמרי רוטנברג 0522677001 | מספר: 41 ריהוט: יש כניסה: 01/08/25 חצר/מרפסת: יש ארנונה: 460 ועד בית: 0 מעלית: אין דוד שמש: אין שתף באמצעות: פתיחה בעמוד חדש סגור
מרוהטת.",2800,יוחנן הורקנוס 41,Shchuna D,4.0,60.0,1,0,0,https://www.homendy.co.il/apts/262/modal,homendy,דירה,31.2673956,34.7961531,,POINT (34.7961531 31.2673956),679.2,1434.6,729.3,1410.5,2207.4,971.5,853.3,984.5,729.3
9,90,homendy_267,"רחוב: רינגלבלום 3 שכונה: שכונה ד P - פריים לוקיישן ( מפת המעגלים ) 2 חדרים קומה 3 מתוך 3 מ""ר 2300 ₪ גליל ארביט 0547247292 | מספר: 3 ריהוט: יש כניסה: כניסה גמישה חצר/מרפסת: יש ארנונה: 410 ועד בית: 0 מעלית: אין דוד שמש: יש שתף באמצעות: פתיחה בעמוד חדש סגור
מרוהטת.",2300,רינגלבלום 3,Shchuna D,2.0,3.0,1,0,0,https://www.homendy.co.il/apts/267/modal,homendy,דירה,31.2676189,34.8003326,,POINT (34.8003326 31.2676189),406.0,1407.7,0.1,1737.4,2699.2,1463.3,899.4,98.8,0.1
10,100,homendy_295,"רחוב: סמטת קדש 30 שכונה: שכונה ד P - פריים לוקיישן ( מפת המעגלים ) 1 חדרים קומה 1 מתוך 3 מ""ר 1350 ₪ ‫תומר דהב‬ 0503222673 | מספר: 30 ריהוט: יש כניסה: 01/10/25 חצר/מרפסת: יש ארנונה: 350 ועד בית: כלול מעלית: אין דוד שמש: יש שתף באמצעות: פתיחה בעמוד חדש סגור
מרוהטת.",1350,סמטת קדש 30,Shchuna D,1.0,3.0,1,0,0,https://www.homendy.co.il/apts/295/modal,homendy,דירה,31.2677216,34.7971828,,POINT (34.7971828 31.2677216),658.9,1380.4,742.7,1577.5,2374.4,1138.5,833.0,733.9,742.7
11,112,homendy_327,"רחוב: יוחנן הורקנוס 45 שכונה: שכונה ד מעגל 1 ( מפת המעגלים ) 1 חדרים קומה 0 35 מ""ר 1900 ₪ מנדי שקד 0546100158 | מספר: 45 ריהוט: יש כניסה: 01/09/25 חצר/מרפסת: יש ארנונה: 100 ועד בית: 100 מעלית: אין דוד שמש: יש שתף באמצעות: פתיחה בעמוד חדש סגור
מרוהטת.",1900,יוחנן הורקנוס 45,Shchuna D,1.0,35.0,1,0,0,https://www.homendy.co.il/apts/327/modal,homendy,דירה,31.2673956,34.7961531,,POINT (34.7961531 31.2673956),679.2,1434.6,729.3,1410.5,2207.4,971.5,853.3,984.5,729.3
12,114,homendy_329,"רחוב: סמטת קדש 32 שכונה: שכונה ד P - פריים לוקיישן ( מפת המעגלים ) 4 חדרים קומה 4 מתוך 4 78 מ""ר 3000 ₪ Itay Russo 0542058969 | מספר: 32 ריהוט: יש כניסה: 01/09/25 חצר/מרפסת: אין ארנונה: כלול ועד בית: כלול מעלית: אין דוד שמש: אין שתף באמצעות: פתיחה בעמוד חדש סגור
מרוהטת.",3000,סמטת קדש 32,Shchuna D,4.0,78.0,0,0,0,https://www.homendy.co.il/apts/329/modal,homendy,דירה,31.2677216,34.7971828,,POINT (34.7971828 31.2677216),658.9,1380.4,742.7,1577.5,2374.4,1138.5,833.0,733.9,742.7
13,120,homendy_361,"רחוב: יוחנן הורקנוס 41 שכונה: שכונה ד מעגל 1 ( מפת המעגלים ) 3 חדרים קומה 1 מתוך 3 50 מ""ר 2800 ₪ דנה  סופר 0523717656 | מספר: 41 ריהוט: חלקי כניסה: 30/09/25 חצר/מרפסת: יש ארנונה: 628 ועד בית: כלול מעלית: אין דוד שמש: יש שתף באמצעות: פתיחה בעמוד חדש סגור",2800,יוחנן הורקנוס 41,Shchuna D,3.0,50.0,1,0,0,https://www.homendy.co.il/apts/361/modal,homendy,דירה,31.2673956,34.7961531,,POINT (34.7961531 31.2673956),679.2,1434.6,729.3,1410.5,2207.4,971.5,853.3,984.5,729.3
14,124,homendy_424,"רחוב: סמטת קדש 3 שכונה: שכונה ד P - פריים לוקיישן ( מפת המעגלים ) 4 חדרים קומה 2 מתוך 3 90 מ""ר 1250 ₪ אדוארד חבסוב 0587262012 | מספר: 3 ריהוט: יש כניסה: כניסה גמישה חצר/מרפסת: אין ארנונה: 700 ועד בית: 0 מעלית: אין דוד שמש: יש שתף באמצעות: פתיחה בעמוד חדש סגור
מרוהטת.",1250,סמטת קדש 3,Shchuna D,4.0,90.0,0,0,0,https://www.homendy.co.il/apts/424/modal,homendy,דירה,31.2677216,34.7971828,,POINT (34.7971828 31.2677216),658.9,1380.4,742.7,1577.5,2374.4,1138.5,833.0,733.9,742.7
15,125,homendy_425,"רחוב: סמטת קדש 16 שכונה: שכונה ד P - פריים לוקיישן ( מפת המעגלים ) 4 חדרים קומה 3 מתוך 4 75 מ""ר 1100 ₪ מתן אדלשטיין 0556602214 | מספר: 16 ריהוט: יש כניסה: כניסה גמישה חצר/מרפסת: אין ארנונה: 150 ועד בית: 0 מעלית: אין דוד שמש: יש שתף באמצעות: פתיחה בעמוד חדש סגור
מרוהטת.",1100,סמטת קדש 16,Shchuna D,4.0,75.0,0,0,0,https://www.homendy.co.il/apts/425/modal,homendy,דירה,31.2677216,34.7971828,,POINT (34.7971828 31.2677216),658.9,1380.4,742.7,1577.5,2374.4,1138.5,833.0,733.9,742.7
16,126,homendy_426,"רחוב: הרב יוסף סוסו הכהן 3 שכונה: שכונה ד P - פריים לוקיישן ( מפת המעגלים ) 4 חדרים קומה 2 מתוך 3 80 מ""ר 3400 ₪ עומרי סופר 0584046097 | מספר: 3 ריהוט: יש כניסה: 20/10/25 חצר/מרפסת: אין ארנונה: כלול ועד בית: כלול מעלית: אין דוד שמש: יש שתף באמצעות: פתיחה בעמוד חדש סגור
מרוהטת.",3400,הרב יוסף סוסו הכהן 3,Shchuna D,4.0,80.0,0,0,0,https://www.homendy.co.il/apts/426/modal,homendy,דירה,31.266126,34.7968536,,POINT (34.7968536 31.266126),458.6,1180.1,481.1,1470.8,2211.6,975.7,632.7,988.7,481.1
17,132,homendy_460,"רחוב: סמטת קדש 30 שכונה: שכונה ד P - פריים לוקיישן ( מפת המעגלים ) 4 חדרים קומה 1 מתוך 4 72 מ""ר 1100 ₪ מיכאל בלר 0508661855 | מספר: 30 ריהוט: יש כניסה: כניסה גמישה חצר/מרפסת: אין ארנונה: 300 ועד בית: כלול מעלית: אין דוד שמש: אין שתף באמצעות: פתיחה בעמוד חדש סגור
מרוהטת.",1100,סמטת קדש 30,Shchuna D,4.0,72.0,0,0,0,https://www.homendy.co.il/apts/460/modal,homendy,דירה,31.2677216,34.7971828,,POINT (34.7971828 31.2677216),658.9,1380.4,742.7,1577.5,2374.4,1138.5,833.0,733.9,742.7
18,133,homendy_461,"רחוב: יוחנן הורקנוס 41 שכונה: שכונה ד מעגל 1 ( מפת המעגלים ) 3 חדרים קומה 0 מתוך 3 מ""ר 1400 ₪ תמר  דושי 0544223743 | מספר: 41 ריהוט: יש כניסה: כניסה גמישה חצר/מרפסת: יש ארנונה: כלול ועד בית: 0 מעלית: אין דוד שמש: יש שתף באמצעות: פתיחה בעמוד חדש סגור
מרוהטת.",1400,יוחנן הורקנוס 41,Shchuna D,3.0,3.0,1,0,0,https://www.homendy.co.il/apts/461/modal,homendy,דירה,31.2673956,34.7961531,,POINT (34.7961531 31.2673956),679.2,1434.6,729.3,1410.5,2207.4,971.5,853.3,984.5,729.3
19,151,4a3e2e20-692d-4967-9df1-9e43e857cc34,"דירת 3 חדרים כ66 מ""ר, קומה 3 מתוך 4 על עמודים, ממוזגת, משופצת ושמורה. כניסה 1.7.26. יש מקלט בבניין.",2500,שיפר יצחק 13,Shchuna D,3.0,66.0,0,1,0,https://www.komo.co.il/code/nadlan/details/?modaaNum=4873997,komo,דירה,31.2709406356767,34.7984864461078,,POINT (34.79848644610777 31.27094063567669),1953.1,2643.8,1732.3,2965.3,4542.0,2709.6,2127.2,1100.5,1732.3
20,163,95635ee9-60e1-4acb-a50e-30fe6e241a21,"להשכרה מה1.9- -דירת קרקע עם חצר פרטית גדולה - דירת 4 חדרים ( 3 חדרי שינה ) -שלושת החדרים מתפנים -מקלחת ושירותים מופרדים -סמטת קדש, 5 דק מהאוניברסיטה -שני החדרים הגדולים - 1350 -חדר יותר קטן - 1200",4000,קדש 30,Shchuna D,4.0,100.0,0,0,0,https://www.komo.co.il/code/nadlan/details/?modaaNum=4873490,komo,דירת גן,31.268114373544,34.7974592479024,,POINT (34.79745924790238 31.268114373544),705.7,1409.7,805.5,1624.3,2421.3,1185.3,879.8,802.3,805.5
21,170,7b74d44c-69bc-4c6c-b3c9-f176330e4d04,"השכרה, דירה, קומה 2, באר שבע",2000,שיפר יצחק 17,Shchuna D,2.0,50.0,0,0,0,https://www.komo.co.il/code/nadlan/details/?modaaNum=4873069,komo,דירה,31.2712216863625,34.7987223579982,,POINT (34.79872235799824 31.27122168636251),1976.3,2667.1,1755.5,2988.5,4565.3,2732.8,2150.4,1123.7,1755.5
22,172,237166d2-42c2-4392-85b2-6daf5d46f4c9,"להשכרה דירת 3 חדרים עם גינה, מרוהטת, 5 דקות מהאוניברסיטה! דירת 3 חדרים נעימה ומטופחת, מרוהטת ומוכנה למגורים, במיקום מצוי ן - 5 דקות בלבד מהאוניברסיטה. כניסה באוגוסט מיקום: שכונה ד מתאימה במיוחד לסטודנטים, לזוגות ושותפים המחפשים דירה מרוהטת ומשופצת עם גינה במיקום מעולה.",3500,קלאוזנר 18,Shchuna D,3.0,80.0,0,0,0,https://www.komo.co.il/code/nadlan/details/?modaaNum=4872473,komo,דירה,31.2676869653753,34.7991855479243,,POINT (34.7991855479243 31.26768696537529),483.2,1493.2,115.8,1814.6,2776.4,1540.4,976.6,115.6,115.8
23,173,7f8a47db-269b-4ac2-808d-1ef61f7640ee,"מיקום מושלם, באמצע בין האוניברסיטה למרכז אורן. גם קרובללימודים, וגם לכל מה שצריך סופרמרקט פיצה מאפיה פיצוציה פלאפל בנק וכו’",3300,שד רגר יצחק 146,Shchuna D,4.0,90.0,0,0,0,https://www.komo.co.il/code/nadlan/details/?modaaNum=4872472,komo,דירה,31.2687125061223,34.7983471613789,,POINT (34.79834716137892 31.26871250612234),839.1,1577.4,568.2,1898.8,2854.9,1618.9,1060.7,565.0,568.2
24,175,0d841dbb-ade0-480e-947f-4769c88cb500,דירת 2 חדרים קומה 1 כמו קרקע כמה דקות הליכה מבית חולים סורוקה ומהאוניברסטה שכונה ד יצחק שיפר משופצת ברמה גבוה מאוד מרוהטת קומפלט מיטה ארון מקרר שולחן ועוד מיזוג אוויר בכל הדירה חניה בשפע כולל הכל חשמל,2500,שיפר יצחק 6,Shchuna D,2.0,30.0,0,0,0,https://www.komo.co.il/code/nadlan/details/?modaaNum=4872435,komo,דירה,31.2707021946432,34.7992364803194,,POINT (34.7992364803194 31.27070219464317),2023.9,2714.6,1803.0,3036.0,4612.8,2780.4,2198.0,1171.3,1803.0
25,179,b29aa29b-9146-4467-b1aa-a9add7726689,"דירה 4 חדי 86 מ""ר מול אוניברסיטה מתאימה ל 3 שותפים או לזוג .יש מקלט בבנין בקומה -1. 2 דקות לאוניברסיטה לשער 90. דירה מאוד יפה , סלון נפרד ממטבח , בכל חדי וסלון מזגן,פרסלן קרמיקה בכל בית, ארונות מטבח חדשים.בדירה 2 שירותים, שירותים נפרד ממקלחת,דירה משופצת ,דלתות חדשים בכל דירה, יש מנולים.דוד שמש וחשמל.יש חניה , מקומות בילוי, בנקים בקרבה ,תחנת אוטובוס. דירה מאוד יפה ומשופצת. אזור סטודנטיאלי.",3500,הרב סוסו הכהן 3,Shchuna D,4.0,86.0,0,1,0,https://www.komo.co.il/code/nadlan/details/?modaaNum=4872052,komo,דירה,31.2659719961616,34.7976282708797,,POINT (34.79762827087966 31.26597199616162),384.4,1075.2,406.9,1396.6,2285.8,1049.9,558.6,1062.9,406.9
26,180,15754585-bf2f-4c4b-bbbc-66ffc68539a8,"עוזבת את הדירה המדהימה שלי בשנתיים האחרונות 🩷 ועוזרת לבעל הדירה
לחפש מחליף 
על רינגלבלום!
קומה 3/4
מאוד מוארת 🌞
50 מ״ר
2 חדרים
ידידותית לבעלי חיים🐶
מרפסת שמש 
מטבח נפרד + חדר שירות עם מכונת כביסה
מרוהטת חלקית ( יש אופציה לרכוש חלק מהריהוט שלי )
ארנונה 480 לחודשיים
חשבונות סופר נמוכים 
הבניין שקט ושכנים שכבר נהיו חברים 🩷 
שכירות 2400₪ לחודש ( לא כולל חשבונות)
כניסה ב1.9 ( אפשר להתגמש גם לפני ) 
ניתן לפנות אליי לפרטים נוספים",2400,רינגלבלום,Shchuna D,2.0,50.0,1,0,0,https://www.facebook.com/groups/213195335405493/posts/27361191760179150/,facebook,דירה,31.2666739061412,34.7990583446812,"{'listingCount': 2, 'priceHistory': [{'date': '2026-06-07T14:43:58.215Z', 'price': 2400, 'apartmentId': '15754585-bf2f-4c4b-bbbc-66ffc68539a8'}, {'date': '2026-06-07T14:43:49.794Z', 'price': 2400, 'apartmentId': '0960692f-0437-4af3-a155-483fc4717001'}]}",POINT (34.79905834468117 31.26667390614116),411.7,1213.4,319.2,1534.9,2496.6,1260.7,696.8,360.1,319.2
27,189,5b6b18fd-dbf1-4406-a222-3be3c93eec82,"הזדמנות נדירה לסטודנטים , ללא תיווך , פרטי ברינגלבלום , משופצת מהיסוד , 3 חדרים , מזגן בכל חדר , קומת קרקע , ריהוט חלקי , תשלום כולל ארנונה , מים , אינטרנט , כבלים , חשמל חכם , מתאימה לזוג שותפים , האיזור הכי מבוקש ברינגלבלום",2800,רינגלבלום 94,Shchuna D,3.0,65.0,0,0,0,https://www.komo.co.il/code/nadlan/details/?modaaNum=4871298,komo,דירה,31.2693518976801,34.8001875202796,,POINT (34.80018752027959 31.26935189768008),574.2,1584.2,130.5,1905.6,2958.3,1722.4,1067.5,76.3,130.5
28,204,d0053f58-e0ce-4a3e-9e0c-f8fa5c55a20a,"דירת 4 חדרים ( 3 שותפים) עם סלון ענק!, מטבח גדול! , מרפסת שירות ושתי חדרי שירותים. כתובת- הרב סוסו יוסף קומה 2 (מתוך 4!) במרחק 5 דק’ מהאוניברסיטה. הדירה מרוהטת: ספה, שולחן סלון, פינת אוכל, תנור, כיריים גז, מקרר ומכונת כביסה. בכל חדר - מזגן , מיטה, ארון, שולחן כתיבה. אינסטלציה ודוד חדשים לחלוטין מחיר: 3600 ש""ח (1200 ש""ח לשותף). כניסה 1.9.",3600,הרב סוסו הכהן 8,Shchuna D,4.0,90.0,1,0,0,https://www.komo.co.il/code/nadlan/details/?modaaNum=4870519,komo,דירה,31.2662135913588,34.7970219733206,,POINT (34.79702197332063 31.26621359135878),444.3,1165.8,466.8,1456.5,2226.0,990.0,618.4,1003.0,466.8
29,210,0a70a701-a9e6-4890-8336-828d6d35412d,"להשכרה, דירת שלושה חדרים ,מרוהטת ( קומה 2, 60 מ""ר) רחוב קלאוזנר. 

הדירה ממוקמת ליד ברים ,מסעדות ובמרחק הליכה של  כמה דקות
מהאוניברסיטה. מתאים לזוג או שותפים.

שכ""ד 2,700  ש""ח (ללא תיווך).כניסה ב-01/09/26 .

יש  לפנות  לטל : 050-5290118",2700,קלאוזנר,Shchuna D,3.0,60.0,0,0,0,https://www.facebook.com/groups/213195335405493/posts/27304143265884000/,facebook,דירה,31.2670435118369,34.8001047884902,,POINT (34.80010478849021 31.2670435118369),342.6,1344.3,53.9,1674.0,2635.8,1399.8,835.9,97.9,53.9
30,221,47a6cdf7-3ae5-4823-9eb2-90f68c431f52,"אהלן :) מחפש שותף עם אווירה טובהלבית קרקע שצמוד לבלוק (מרכז הנגב, שכונה ד’). בלי תיווך. 2 קומות, שירוקלחת עם אמבטיה למעלה ושירותים למטה. מרחק הליכה מהאוניברסיטה וסורוקה. ארבעה חדרים. מאוורר, גדול, שמור,מאובזר ומרוהט. גינה קדמית ואחורית. שכ""ד 1800 שח. כניסה מיידית **תיאום מראש כדי לבדוק את הבית**",3600,שלמה המלך 37,Shchuna D,4.0,120.0,0,0,0,https://www.komo.co.il/code/nadlan/details/?modaaNum=4868561,komo,בית,31.2599583,34.7965736,,POINT (34.7965736 31.2599583),667.2,763.6,1162.9,594.7,1003.6,800.0,795.2,767.1,594.7
31,225,b9162947-dc7c-42e8-9ab0-f65eba19a640,"רוצים לגור על שער האוניברסיטה❓️ זה
בשבילכם❗️

להשכרה ללא תייוך
ביוסף בן מתיתיהו המבוקש❗️
כדקה 2 דקות 90 ו3 דקות משער רגר
באזור הכי סטודנטיאלי שיש❗️
דירת 4 חדרים, מתאימה ל3 שותפים

⬅️ קומה 3
⬅️ 70 מטר
⬅️ ריהוט מלא, רק להביא בגדים ולהיכנס!
⬅️ בקרבת ברים ומסעדות
⬅️ כניסה 20.9.26

מחיר לחדר 1,250 ש""ח 
לפרטים נוספים אבישי גז 050-455-6263",3750,יוסף בן מתיתיהו,Shchuna D,4.0,70.0,0,0,0,https://www.facebook.com/groups/213195335405493/posts/27284114707886856/,facebook,דירה,31.2651694,34.8001182,,POINT (34.8001182 31.2651694),161.2,1332.6,445.2,1662.3,2624.1,1388.2,824.3,32.6,445.2
32,232,0a040117-e065-47cc-a95d-e9a6644e4fda,"הדירה שופצה לחלוטין, החלונות פונים לגינה, מאוד שקט בדירה.",2400,שד רגר יצחק 89,Shchuna D,2.0,40.0,0,0,0,https://www.komo.co.il/code/nadlan/details/?modaaNum=4868060,komo,דירה,31.2613135,34.7978014,,POINT (34.7978014 31.2613135),475.3,500.6,970.9,830.3,2027.8,326.5,649.4,555.8,500.6
33,233,76efd8b5-242a-4603-b644-eceea5398a4e,דירה שווה בסמטת קדש 7 דקות משער רגר מחפשות מחליפים לדירה מתוקה ומאובזרת במיקום נוח 3 חדרים ריהוט מלא מחיר 2500 שח כניסה גמישה (אמצע אוגוסט-תחילת אוקטובר) יש מקלט בבניין אין כניסה לבעח,2500,קדש 12,Shchuna D,3.0,60.0,0,1,0,https://www.komo.co.il/code/nadlan/details/?modaaNum=4868052,komo,דירה,31.2677216,34.7971828,,POINT (34.7971828 31.2677216),658.9,1380.4,742.7,1577.5,2374.4,1138.5,833.0,733.9,742.7
34,234,7b6b9967-5ca5-4391-a064-cfc165c458ca,דירה מקסימה ממש נעימה עם חצר גדולה פרטית כניסה פרטית קרובה לאוניברסיטה לא חסר כלום מקום עם שכנים טובים רק לבא לגור,1550,סוכות 6,Shchuna D,2.0,55.0,0,0,0,https://www.komo.co.il/code/nadlan/details/?modaaNum=4867580,komo,דירה,31.2682618112054,34.7963698087529,,POINT (34.7963698087529 31.26826181120542),903.6,1654.7,917.6,1635.0,2431.9,1195.9,1077.8,945.1,917.6
35,237,aec476d0-906a-4907-bd9c-c783693aac2a,"ללא תיווך
להשכרה דירה שלושה חדרים קרוב לאוניברסיטה. ברחוב סמטת קדש 8. דירה
נקיה יפהפייה משופצת מרווחת ומאורה. 2 חדרי שינה וסלון. 80 מ""ר. הדירה
מרוהטת. בכל חדר יש מזגן. קומה שלישית מתוך 4 קומות.
כניסה גמישה מ-01/08/2026.
מחיר 3000 ש""ח
0524861372
טלי",3000,סמטת קדש 8,Shchuna D,3.0,80.0,0,0,0,https://www.facebook.com/groups/213195335405493/posts/27266542842977376/,facebook,דירה,31.2666520093823,34.7971424883495,"{'listingCount': 2, 'priceHistory': [{'date': '2026-05-31T13:09:19.186Z', 'price': 3000, 'apartmentId': 'aec476d0-906a-4907-bd9c-c783693aac2a'}, {'date': '2026-05-31T13:08:24.573Z', 'price': 3000, 'apartmentId': '5dfa29d3-6f51-4381-bb7c-5148eaab5b9b'}]}",POINT (34.79714248834953 31.26665200938234),543.1,1264.6,565.6,1461.7,2258.6,1022.7,717.2,1035.6,565.6
36,260,3de0e565-c78e-4c4b-986b-9b20fa081ea2,"להשכרה בקרבת האוניברסיטה
רחוב יצחק שיפר
דירת 3 חדרים
76 מ׳
מרוהטת קומפלט
ללא תיווך
כניסה ב-1/9/2026
מתאימה לזוג/ 2 שותפים
קומה ראשונה
10 דק׳ הליכה לאוניברסיטה
בניין מתוחזק נקי עם מקלט
ממוזגת ומרווחת
רחוב שקט
2500₪
0509939959",2500,יצחק שיפר,Shchuna D,3.0,76.0,0,1,0,https://www.facebook.com/groups/213195335405493/posts/27205128009118860/,facebook,דירה,31.2708424,34.7986998,"{'listingCount': 2, 'priceHistory': [{'date': '2026-05-27T07:48:57.914Z', 'price': 2500, 'apartmentId': '3de0e565-c78e-4c4b-986b-9b20fa081ea2'}, {'date': '2026-05-27T07:37:46.882Z', 'price': 2500, 'apartmentId': '6b33258c-60ec-49a4-9394-70efe4592d5e'}]}",POINT (34.7986998 31.2708424),1973.2,2663.9,1752.4,2985.4,4562.1,2729.7,2147.3,1120.6,1752.4
37,262,d60b1d17-2b58-465d-9144-782cafe71dd2,"חדר שינה גדול מאוורר מואר. מקלחת שרותים. פינת ישיבה מטבחון . מרוהט לפי דרישת הדייר. מזגן חדש . דוד שמש. המחיר 2000 ש""ח כולל ארנונה ומים. לא כולל חשמל רצוי סטודנטים.",2000,הרב סוסו הכהן 8,Shchuna D,1.0,35.0,0,0,0,https://www.komo.co.il/code/nadlan/details/?modaaNum=4864428,komo,דירה,31.2662135913588,34.7970219733206,"{'listingCount': 2, 'priceHistory': [{'date': '2026-05-27T05:10:29.530Z', 'price': 2000, 'apartmentId': 'd60b1d17-2b58-465d-9144-782cafe71dd2'}, {'date': '2026-05-26T12:12:44.775Z', 'price': 2000, 'apartmentId': 'da36f6f6-5ce7-4f71-b262-98e4df697f62'}]}",POINT (34.79702197332063 31.26621359135878),444.3,1165.8,466.8,1456.5,2226.0,990.0,618.4,1003.0,466.8
38,270,8cd99adc-0461-44db-a839-92700d281b2e,"דירה מאתימה ל 3 שותפים וגם לזוג. יש מקלט
בבניין (קומה -1 יתר מוגן)אזור סטודנטאלי.
2 דקות לאוניברסיטה(שער 90) דירה להשכרה 4 חד'
ברח' סוסו הכהן 3/5 קומה 3 מתוך 4 ,86 מ""ר.
+++ דירה מאוד יפה , סלון ענק, סלון נפרד ממטבח.
+++ בכל חדר ובסלון מזגן ,מרוהטת קומפלט+מוצרי
חשמל.
+++ פרסלן קרמיקה בכל הבית, ארונות מטבח
חדשים.
+++ שירותים נפרד ממקלחת , יש 2 שירותים בדירה.
+++ מקלחת אחרי שיפוץ .דוד שמש/חשמל.
י+++ ש חניה,קרוב למקומות בילוי, בנקים,תחנת
אוטובוסים.
**** יש מקלט בבניין( קומה -1).
+++גז מרכזי,מוצרי חשמל :מקרר,תנור,מכונת כביסה,
מייבש כביסה,מזגנים בכל חדר וסלון, דלתות בכל
דירה חדשים אם מנולים.
דירה מתאימה ל3 שותפים או לזוג. דירה 86 מ""ר
כניסה 1/9/26 .
מחיר3500 ש""ח . נייד קשר 0502777715",3500,סוסו הכהן 3/5,Shchuna D,4.0,86.0,0,1,0,https://www.facebook.com/groups/532324530266141/posts/3513438882154676/,facebook,דירה,31.266126,34.7968536,"{'listingCount': 64, 'priceHistory': [{'date': '2026-06-09T08:21:34.464Z', 'price': 3500, 'apartmentId': '7f73690a-c443-4d68-b37b-bb13254e8ea8'}, {'date': '2026-06-09T08:19:52.391Z', 'price': 3500, 'apartmentId': '728a8d0e-dc8e-4a59-905f-4d7385ec2224'}, {'date': '2026-06-08T20:42:18.831Z', 'price': 3500, 'apartmentId': '8d617004-5a4a-4dc1-89ea-61f908f1948b'}, {'date': '2026-06-08T20:42:14.727Z', 'price': 3500, 'apartmentId': 'c709e4ea-3eb5-49e3-817b-0fa0fde7b865'}, {'date': '2026-06-08T11:32:03.382Z', 'price': 3500, 'apartmentId': '686fb408-584f-4c94-a506-4f61ed2b0f34'}, {'date': '2026-06-08T09:28:53.126Z', 'price': 3500, 'apartmentId': '7fe04553-1f5b-4a06-a7b7-63e3be8e7eee'}, {'date': '2026-06-07T12:19:43.766Z', 'price': 3500, 'apartmentId': 'a950c117-6b79-4a39-b3ae-53aab6421143'}, {'date': '2026-06-07T12:17:38.922Z', 'price': 3500, 'apartmentId': 'e7784ece-fa21-4bfd-bf7c-72dc9f836758'}, {'date': '2026-06-07T06:43:48.550Z', 'price': 3500, 'apartmentId': '14471c53-8045-4c8b-9123-0165dcdffa86'}, {'date': '2026-06-07T06:42:54.267Z', 'price': 3500, 'apartmentId': '6653cbe1-0ded-4baf-8047-923fbebf6e8b'}, {'date': '2026-06-06T20:14:16.987Z', 'price': 3500, 'apartmentId': 'dbf8f349-c0c3-44c6-bae4-22c116d3dbcf'}, {'date': '2026-06-06T20:13:16.245Z', 'price': 3500, 'apartmentId': 'a782a2c7-5182-48c4-8956-3f27c66fb50a'}, {'date': '2026-06-06T09:08:08.474Z', 'price': 3500, 'apartmentId': 'd4de4c10-fb84-4942-a72a-e5921dbf9161'}, {'date': '2026-06-05T08:09:50.651Z', 'price': 3500, 'apartmentId': 'd2c1f731-4937-43a4-aadc-11dd4d0953b9'}, {'date': '2026-06-05T08:09:27.321Z', 'price': 3500, 'apartmentId': '24c4d4ef-d60e-4c90-adc3-76423299b95a'}, {'date': '2026-06-04T20:37:24.833Z', 'price': 3500, 'apartmentId': 'a2875837-7c36-4708-98ea-a1d0f751cd83'}, {'date': '2026-06-04T20:37:00.382Z', 'price': 3500, 'apartmentId': '89235b13-7eca-4c4e-8408-2ad124dd077f'}, {'date': '2026-06-04T07:37:13.078Z', 'price': 3500, 'apartmentId': '88d107f1-0d5e-40dc-a355-5ad8527adb2f'}, {'date': '2026-06-04T07:37:05.933Z', 'price': 3500, 'apartmentId': 'fc105965-35fc-43ea-9dc7-3f3cffbcd5ad'}, {'date': '2026-06-03T08:07:57.864Z', 'price': 3500, 'apartmentId': 'b6c19905-0737-4a8e-b9cb-4289bc8d607d'}, {'date': '2026-06-03T08:07:29.053Z', 'price': 3500, 'apartmentId': 'cda9b27a-ac5b-4755-97d1-166ee8180c41'}, {'date': '2026-06-02T12:41:53.160Z', 'price': 3500, 'apartmentId': 'e52067ce-0fea-430e-898d-325455d4043c'}, {'date': '2026-06-02T12:41:20.990Z', 'price': 3500, 'apartmentId': '26c727c8-a502-4e8a-9548-ee65402dd6a1'}, {'date': '2026-06-02T08:38:53.176Z', 'price': 3500, 'apartmentId': '2d5f40b0-c844-4bfd-9fd6-86729e4d2e1b'}, {'date': '2026-06-02T08:12:30.122Z', 'price': 3500, 'apartmentId': '6398dbf1-e367-4439-aa2e-d1867fd91e3e'}, {'date': '2026-06-01T20:37:00.610Z', 'price': 3500, 'apartmentId': '33fd38e1-23e5-486f-8d40-1b4989459577'}, {'date': '2026-06-01T20:36:50.822Z', 'price': 3500, 'apartmentId': '50ddc09a-5df9-4729-a20c-5cd49a069f54'}, {'date': '2026-06-01T08:08:26.761Z', 'price': 3500, 'apartmentId': 'a39b1f98-c89c-45e3-8120-b5c3b94915c2'}, {'date': '2026-06-01T08:08:20.179Z', 'price': 3500, 'apartmentId': '84bc1d3f-9718-4080-ba73-c9a81a0fc9fc'}, {'date': '2026-05-31T20:39:12.388Z', 'price': 3500, 'apartmentId': 'bbf5dda6-e4c6-482c-a2e0-6c94d28b4d00'}, {'date': '2026-05-31T20:38:57.824Z', 'price': 3500, 'apartmentId': '2f880d00-25c6-4df6-a5db-53fd57123ce7'}, {'date': '2026-05-31T12:36:47.309Z', 'price': 3500, 'apartmentId': 'f17ea86f-4c24-4e5b-b488-919ec57f0280'}, {'date': '2026-05-31T12:36:11.327Z', 'price': 3500, 'apartmentId': 'd9701efe-76a5-4fd3-84e6-91d1b0e462c1'}, {'date': '2026-05-31T07:35:52.178Z', 'price': 3500, 'apartmentId': '6212ce31-3574-4918-ada5-98029f9583c5'}, {'date': '2026-05-31T07:34:21.842Z', 'price': 3500, 'apartmentId': 'd6c93a5a-ef51-49ea-972b-db64932fe30a'}, {'date': '2026-05-30T14:07:22.455Z', 'price': 3500, 'apartmentId': '03337a08-c720-4c30-ba86-a757946a2928'}, {'date': '2026-05-30T14:05:54.848Z', 'price': 3500, 'apartmentId': 'c0716447-7b79-42ea-97ae-875fc56845f2'}, {'date': '2026-05-30T07:35:10.777Z', 'price': 3500, 'apartmentId': 'c456b200-3495-4601-b0f7-febc73a03c8d'}, {'date': '2026-05-30T07:06:54.652Z', 'price': 3500, 'apartmentId': '840fe882-9f40-4674-a88d-d628c5c96efa'}, {'date': '2026-05-29T07:07:13.191Z', 'price': 3500, 'apartmentId': 'c34a4c19-3642-4c46-aca6-df78cf7f0ec9'}, {'date': '2026-05-29T07:05:39.454Z', 'price': 3500, 'apartmentId': '19f15f5e-6330-49a1-9304-7bc5e22c67ec'}, {'date': '2026-05-28T20:35:20.587Z', 'price': 3500, 'apartmentId': '7793562c-b7f1-4122-a0cf-b07a6ec133e6'}, {'date': '2026-05-28T20:10:55.496Z', 'price': 3500, 'apartmentId': 'acf7b766-bd63-459d-a817-42326d89fd7d'}, {'date': '2026-05-28T07:34:36.129Z', 'price': 3500, 'apartmentId': '0e3b45d0-8302-4ff4-9e0c-133580c1acab'}, {'date': '2026-05-28T07:14:15.341Z', 'price': 3500, 'apartmentId': '45d2f73c-243c-4875-9e24-4447e9732a27'}, {'date': '2026-05-27T20:45:29.952Z', 'price': 3500, 'apartmentId': '09d748a3-a0d4-4ae4-871f-ac2c18874b9c'}, {'date': '2026-05-27T20:34:01.103Z', 'price': 3500, 'apartmentId': 'a6e438aa-9a18-4e7a-89d8-d59639d7a739'}, {'date': '2026-05-27T07:48:37.757Z', 'price': 3500, 'apartmentId': '019643e7-8bf5-4a99-905b-32a52e6db559'}, {'date': '2026-05-27T06:35:48.295Z', 'price': 3500, 'apartmentId': 'd7e2ba4c-bef3-486f-9248-e688fc9fe776'}, {'date': '2026-05-26T20:44:14.354Z', 'price': 3500, 'apartmentId': '7db70795-d155-435b-907d-1fb32de68e42'}, {'date': '2026-05-26T07:04:21.943Z', 'price': 3500, 'apartmentId': '8cd99adc-0461-44db-a839-92700d281b2e'}, {'date': '2026-05-21T07:49:04.861Z', 'price': 3500, 'apartmentId': '584439f2-42ce-45e1-a5a5-d0338592a00e'}, {'date': '2026-05-21T07:48:53.997Z', 'price': 3500, 'apartmentId': 'd99a0a34-5a5e-4e3b-82d9-5abf3d50a2a6'}, {'date': '2026-05-20T20:46:59.277Z', 'price': 3500, 'apartmentId': '4853dde4-8f42-4ae6-8104-a0c2204364dd'}, {'date': '2026-05-20T20:46:50.720Z', 'price': 3500, 'apartmentId': '21823cb1-bf2f-4e90-be2e-d21dc9496109'}, {'date': '2026-05-20T08:49:17.158Z', 'price': 3500, 'apartmentId': '5fc53078-64f7-473b-9a1e-e8f0b63c15b1'}, {'date': '2026-05-19T19:21:59.108Z', 'price': 3500, 'apartmentId': '3bb90547-bb23-4a02-8056-38830ce773b4'}, {'date': '2026-05-19T19:21:38.874Z', 'price': 3500, 'apartmentId': '743c0e20-0f75-4a5d-bea2-a9859847fef7'}, {'date': '2026-05-18T19:54:15.787Z', 'price': 3500, 'apartmentId': 'ad241a4d-27a9-41eb-a53b-f6f385d8a254'}, {'date': '2026-05-18T19:54:11.565Z', 'price': 3500, 'apartmentId': 'f7c20549-f533-46a8-86ca-7be47be07f53'}, {'date': '2026-05-17T07:49:38.394Z', 'price': 3500, 'apartmentId': '66655340-403f-4c24-bfb4-11c347cc035a'}, {'date': '2026-05-17T07:49:25.617Z', 'price': 3500, 'apartmentId': 'fd629182-94d1-48bf-92f5-8c1dc3c67fba'}, {'date': '2026-05-16T08:19:42.864Z', 'price': 3500, 'apartmentId': 'f5ad3142-b5f7-4f0a-956e-c406ef428157'}, {'date': '2026-05-16T08:19:38.114Z', 'price': 3500, 'apartmentId': 'cbb22942-6082-45ee-9ba0-d88897c6a049'}]}",POINT (34.7968536 31.266126),458.6,1180.1,481.1,1470.8,2211.6,975.7,632.7,988.7,481.1
39,279,9704cec4-570b-4f95-9eeb-efade9118ebd,"להשכרה! בית פרטי במרחק נגיעה מהאוניברסיטה, 4 דקות הליכה בלבד! שקט ופרטיות שקשה למצוא. צמוד קרקע -חצר גדולה ושטופת שמש - כ-15 מ""ר חצר פרטית מרוצפת. ממוזג, נעים ומחולק נכון. רק 2,700 ש""ח לחודש! לפרטים נוספים ותיאום, נא ליצור קשר בווצאפ",2700,הנבטים 10,Shchuna D,3.0,63.0,0,0,0,https://www.komo.co.il/code/nadlan/details/?modaaNum=4863129,komo,בית,31.2667042303221,34.7967643628732,,POINT (34.79676436287324 31.26670423032214),535.2,1263.1,557.7,1453.8,2250.8,1014.8,709.3,1027.8,557.7
40,293,b7d2d0f6-9dcc-4f48-9a67-06e94bc82397,"דירה להשכרה בקרבת האוניברסיטה - מושלמת לסטודנטים! דירת 4 חדרים, משופצת במצב מצוין , מתאימה ל3 שותפים. מרוהטת לגמרי: סלון חדרים מטבח. שירותים + שירוקלחת משופצים. כמה דקות הליכה מהאוניברסיטה ומברים מרכזיים. מקלט ציבורי סמוך לבניין",3600,קדש 16,Shchuna D,4.0,73.0,0,1,0,https://www.komo.co.il/code/nadlan/details/?modaaNum=4861341,komo,דירה,31.267364782937,34.7972913532636,,POINT (34.79729135326362 31.26736478293704),620.9,1336.0,664.9,1539.5,2336.4,1100.5,795.0,684.3,664.9
41,8,3a1c91fe-370c-4ff6-9918-0e7989be34ef,"מיקום מצוין, קרוב למעונות באוניברסיטה. קרוב לרכבת. אזור שקט ונעים. מתאים למי שמחפש פינה שקטה וחמימה, בעלות נמוכה. ",1900,רוטנברג 9,Gimel,2.0,50.0,1,0,0,https://www.yad2.co.il/realestate/item/69ortw4e,yad2,דירה,31.259227,34.808433,"{'listingCount': 2, 'priceHistory': [{'date': '2026-05-21T05:09:02.441Z', 'price': 1900, 'apartmentId': 'c4875162-c001-4bef-afd2-2c951a33545d'}, {'date': '2026-05-20T14:32:19.646Z', 'price': 1900, 'apartmentId': '3a1c91fe-370c-4ff6-9918-0e7989be34ef'}]}",POINT (34.808433 31.259227),1440.0,1798.1,2782.0,1711.3,2471.2,824.7,1726.6,1747.8,1711.3
42,9,2776da5a-1f29-41e2-b914-d57f9d21b27d,"דירת 2 חדרים( סלון+חדר שינה) בבר-גיורא. דירה מוארת, משופצת מרוהטת קומפלט ונעימה. מתאימה לזוג או ליחיד בקרבת האוני’ ,בבניין מטופח עם שכנים שקטים ונעימים ובעלי דירה נוחים. שכ""ד מבוקש 1800ש""ח ללא דמי ועד בית בבניין.",2700,רייק חביבה 27,Gimel,2.0,60.0,0,0,0,https://www.komo.co.il/code/nadlan/details/?modaaNum=4860393,komo,דירת גן,31.2581152,34.8081384,,POINT (34.8081384 31.2581152),1468.9,1626.7,2610.5,1539.8,1749.7,853.6,1755.6,2308.3,1539.8
43,21,82882cc4-4fd2-4ba8-bd43-1ad662e1d099,"* מיקום מעולה - קרוב במרחק הליכה לאוניברסיטה לרכבת ולסורוקה * מתאימה לזוג או שותפים ,סטודנטים, צוותים רפואיים * מרפסת שמש לפרטים נוספים או תיאום ביקור בנכס שלח הודעה בוואצאפ או חייגו * ללא ריהוט * לטווח ארוך * פרטי ללא תווך",3800,גוש עציון 24,Gimel,3.0,96.0,1,0,0,https://www.komo.co.il/code/nadlan/details/?modaaNum=4859256,komo,דירה,31.2565356,34.8066397,,POINT (34.8066397 31.2565356),1105.7,1364.1,2347.9,1271.4,1487.1,490.4,1015.6,1945.0,1271.4
44,37,f6b2bed2-74f3-4383-9ed4-57809cdb6ecd,"השכרה, דירת גן, קומה 1, באר שבע",3600,גולומב 7,Gimel,3.0,200.0,0,0,0,https://www.komo.co.il/code/nadlan/details/?modaaNum=4857615,komo,דירת גן,31.2543944,34.8017392,,POINT (34.8017392 31.2543944),1437.9,1269.5,2315.1,1234.2,1454.3,1244.5,1109.0,1184.0,1234.2
45,42,1384ad3f-3ee3-4c9d-9bd0-86b80e9966a6,"מדובר בדירת גן ששופצה באופן יסודי עם גינה מסודרת מוקפת חומה, 3 כניסות אפשריות, הייתה בעבר 4 חדרים ונהפכה ל 3 חדרים מורחבים, מתאימה למשפחה וגם לסטודנטים. שכירות החל מ 1826, 3500 ש""ח לחודש.",3500,גוש עציון 4,Gimel,3.0,80.0,0,0,0,https://www.komo.co.il/code/nadlan/details/?modaaNum=4857225,komo,דירת גן,31.2565356,34.8066397,"{'listingCount': 2, 'priceHistory': [{'date': '2026-05-15T19:42:53.251Z', 'price': 3500, 'apartmentId': '1384ad3f-3ee3-4c9d-9bd0-86b80e9966a6'}, {'date': '2026-05-15T06:52:24.518Z', 'price': 3500, 'apartmentId': 'dc80a973-9b95-4260-bd33-b459deba95fe'}]}",POINT (34.8066397 31.2565356),1105.7,1364.1,2347.9,1271.4,1487.1,490.4,1015.6,1945.0,1271.4
46,44,a12da822-5719-4819-997e-cb325a3a1905,"הדירה במקום שקט סביבה של סטודנטים ומרחק נגיעה ממעונות הסטודנטים בשכונה ג.
קרובה מאוד לרכבת צפון אוניברסיטה",1800,רוטנברג,Gimel,2.0,40.0,0,0,0,https://www.yad2.co.il/realestate/item/8q8549lo,yad2,דירה,31.259008,34.808432,"{'listingCount': 2, 'priceHistory': [{'date': '2026-05-15T19:43:01.809Z', 'price': 1800, 'apartmentId': 'a3ed7f6a-b007-4282-af43-9536939fb7f0'}, {'date': '2026-05-15T13:46:56.335Z', 'price': 1800, 'apartmentId': 'a12da822-5719-4819-997e-cb325a3a1905'}]}",POINT (34.808432 31.259008),1395.3,1753.4,2737.2,1666.5,2426.5,779.9,1681.9,2234.6,1666.5
47,52,f4069d4a-ca22-4752-9dba-59018eb663d3,"מיקום מצוין, צמוד לבית חולים סורוקה, מרחק הליכה מאוניברסיטת בן גוריון, ומהפקולטה לרפואה. חניה ציבורית בשפע באזור 
ריהוט חלקי;מקרר, תנור משולב, מכונת כביסה, ומזגנים. 
תאריך כניסה  1/6/26 מחיר מבוקש 2800 ש""ח לחודש",2800,וינגייט,Gimel,3.0,70.0,0,0,0,https://www.yad2.co.il/realestate/item/q4e4dwtc,yad2,דירה,31.257077,34.803384,"{'listingCount': 5, 'priceHistory': [{'date': '2026-05-12T20:14:19.342Z', 'price': 2800, 'apartmentId': 'f4069d4a-ca22-4752-9dba-59018eb663d3'}, {'date': '2026-05-01T07:21:22.100Z', 'price': 3000, 'apartmentId': '8548edba-82bf-4bac-8dbf-70ebef269337'}, {'date': '2026-04-28T09:12:05.002Z', 'price': 3000, 'apartmentId': 'ff5d0984-0156-498e-9bf2-6e0d6dab5715'}, {'date': '2026-04-28T09:12:04.872Z', 'price': 3000, 'apartmentId': '17437f3a-8ba1-4cbf-bb5c-80762a2c27b7'}, {'date': '2026-04-28T07:43:24.105Z', 'price': 3000, 'apartmentId': '1e38b25b-e01e-47f3-9e63-9e013753b53b'}]}",POINT (34.803384 31.257077),1533.7,969.3,2014.9,944.2,1154.1,920.0,682.5,1316.4,944.2
48,55,4bfd4a1d-7001-4276-b319-3140d602138a,"שכונה ג' ברחוב חביבה רייק
להשכרה ליד האוניברסיטה וסורוקה
דירת 2 חדרים 50 מ""ר קומה 1/3
רחוב חביבה רייק, סמוך לתחנת רכבת צפון
מיקום מעולה לסטודנטים ולעובדי סורוקה
אכלוס החל מ־1.6.26
מחיר מציאה – 1,950 ש""ח לחודש",1950,חביבה ריק 21,Gimel,2.0,50.0,0,0,0,https://www.madlan.co.il/bulletin/f1NfdcGlkTF,madlan,דירה,31.2576976,34.8079444,,POINT (34.8079444 31.2576976),1419.6,1577.3,2561.2,1490.5,1700.4,804.3,1706.2,2258.9,1490.5
49,58,29c108e3-2d0a-4183-af9d-2aff7fc6926b,2 סוויטות עם 2 שרותים ומקלחת נפרדות יש מקרר גדול. מכונת כביסה מיטות ארונות ספה וטלוויזיה ועוד,2200,חביבה ריק 11,Gimel,3.0,40.0,0,0,0,https://www.madlan.co.il/bulletin/wvZ7PzIIBXf,madlan,דירה,31.2570579,34.8078444,,POINT (34.8078444 31.2570579),1354.0,1511.7,2495.6,1424.9,1634.8,738.7,1210.0,2193.3,1424.9
50,116,homendy_331,"רחוב: גוש עציון 69 שכונה: שכונה ג P - פריים לוקיישן ( מפת המעגלים ) 2 חדרים קומה 3 מתוך 3 מ""ר 1800 ₪ Itay Russo 0542058969 | מספר: 69 ריהוט: יש כניסה: 01/09/25 חצר/מרפסת: אין ארנונה: כלול ועד בית: כלול מעלית: אין דוד שמש: אין שתף באמצעות: פתיחה בעמוד חדש סגור
מרוהטת.",1800,גוש עציון 69,Gimel,2.0,3.0,0,0,0,https://www.homendy.co.il/apts/331/modal,homendy,דירה,31.258682,34.8086659,,POINT (34.8086659 31.258682),1383.6,1699.3,2683.1,1612.4,2372.3,768.3,1670.2,1691.5,1612.4
51,144,b3cd641e-d8a0-4d35-8916-43139f0f8609,"הבית עומד 6 שנים, שמור היטב, מטבח יפה, גינה של 130 מטר.",5000,גוש עציון 22,Gimel,5.0,245.0,1,0,1,https://www.yad2.co.il/realestate/item/3iek5bq4,yad2,דירת גן,31.25584,34.80719,,POINT (34.80719 31.25584),1200.2,1296.2,2341.8,1260.9,1481.0,584.9,1009.4,2039.6,1260.9
52,145,1d996fcf-0fe5-4e5f-836c-c69f6832a4a9,"דירה מתוקה מתאימה לסטודנטים 
צמודה למיון סורוקה ממוזגת
פינוי 1.9 אפשר מעט ליפני
בניין מתוחזק
ועד בית 160 לחודשיים
ארנונה 650 לחודשיים",3200,וינגייט 80,Gimel,4.0,70.0,0,0,0,https://www.yad2.co.il/realestate/item/v4kln9pb,yad2,דירה,31.255976,34.801841,,POINT (34.801841 31.255976),1408.8,844.4,1890.0,809.1,1029.2,795.1,557.7,758.9,809.1
53,148,737d5c25-162e-40cc-bb63-3f0a27d542fc,"מתאים לחברות כוח אדם, קבלנים ומעסיקים המחפשים פתרון מגורים לעובדים לטווח ארוך.",4000,רוטנברג 22,Gimel,4.0,80.0,0,0,0,https://www.yad2.co.il/realestate/item/o411isi8,yad2,דירה,31.259441,34.807905,,POINT (34.807905 31.259441),1067.1,1804.7,2228.5,1602.4,3344.9,146.3,1339.6,1892.3,1602.4
54,153,46766da5-43c5-422d-a8fe-4460d4c2e1b1,"דירה 4 חדרים שמורה ויפה ,בקרבת אוניברסיטה, בית חולים סורוקה, תחנת רכבת צפון 
תחבורה ציבורית, מרכזי קניות!!!!",2400,רוטנברג,Gimel,4.0,65.0,0,0,0,https://www.yad2.co.il/realestate/item/1c8nxaf7,yad2,דירה,31.2592149565217,34.8086399130435,"{'listingCount': 2, 'priceHistory': [{'date': '2026-06-08T19:11:04.343Z', 'price': 2400, 'apartmentId': '46766da5-43c5-422d-a8fe-4460d4c2e1b1'}, {'date': '2026-06-08T18:30:25.907Z', 'price': 2400, 'apartmentId': '607d916c-d37f-488e-baeb-733a7d587467'}]}",POINT (34.8086399130435 31.2592149565217),1459.6,1817.8,2801.6,1730.9,2490.8,844.3,1746.2,1767.5,1730.9
55,157,1760aa8b-ec92-4c61-958e-ef2ff4a239b9,"דירת שני חדרי שינה וסלון + מטבח, יש חצר 20 מטר.
מזגן בכל חדר, דוד שמש. 
קרוב לסורוקה ואוניברסיטה, קרוב לרכבת ולפארקים.",2400,גוש עציון 73,Gimel,3.0,65.0,1,0,0,https://www.yad2.co.il/realestate/item/s8t5asoj,yad2,דירה,31.25871,34.808867,"{'listingCount': 2, 'priceHistory': [{'date': '2026-06-09T05:27:07.642Z', 'price': 2400, 'apartmentId': 'b318bcc8-9347-43ce-97eb-9c7f6e0e2817'}, {'date': '2026-06-08T15:49:27.737Z', 'price': 2400, 'apartmentId': '1760aa8b-ec92-4c61-958e-ef2ff4a239b9'}]}",POINT (34.808867 31.25871),1402.2,1717.9,2701.7,1631.0,2391.0,786.9,1688.8,1710.1,1631.0
56,161,072b7dda-1305-4c64-95a7-d68189b09013,"ש""ח ללא דמי תיווך ש""ח דירת 3.5 חדרים להשכרה (2 חדרי שינה + חדר עבודה וסלון) ברחוב חביבה רייק. הדירה מאד מרווחת, החדרים גדולים. הדירה משופצת ומרוהטת ברובה, נמצאת בקומה הראשונה. הדירה ממוקמת בקרבת תחנת רכבת צפון ובמרחק הליכה מהאוניברסיטה. מחיר - 3,000 חובה שיקים. כניסה החל מהתאריך 1.10.26. בעל הדירה קשוב לצורכי הדיירים.",3000,רייק חביבה 10,Gimel,3.5,74.0,0,0,0,https://www.komo.co.il/code/nadlan/details/?modaaNum=4873510,komo,דירה,31.2577888818172,34.8084973982607,,POINT (34.80849739826066 31.25778888181715),1446.8,1604.6,2588.4,1517.7,1727.6,831.5,1733.4,2286.2,1517.7
57,164,16a2b9c8-1d41-4a01-8a7d-7684f0ceb011,"להשכרה דירה בוינגייט  58 החדשה, קרובה מאוד לאוניברסיטה ולסורוקה
4 חדרים מרווחת משופצת ומרוהטת כלה.
קומה 1 עם סורגים, חניה בשפע מתאימה למשפחה או שותפים, חיות מחמד מתקבלות גם בברכה",3500,וינגייט 58,Gimel,4.0,87.0,0,0,0,https://www.yad2.co.il/realestate/item/2z67bu6c,yad2,דירה,31.255997,34.803183,"{'listingCount': 2, 'priceHistory': [{'date': '2026-06-08T15:22:39.754Z', 'price': 3500, 'apartmentId': '4521adc5-50c5-4cf8-a6e6-27f59d6a4ca0'}, {'date': '2026-06-08T13:49:11.329Z', 'price': 3500, 'apartmentId': '16a2b9c8-1d41-4a01-8a7d-7684f0ceb011'}]}",POINT (34.803183 31.255997),1263.1,897.8,1943.4,862.5,1082.6,647.8,611.0,812.3,862.5
58,165,eff9e9b9-0ef6-4a17-85dc-305b97d5abb0,"דירה משופצת שהתפנתה, 5 דקות הליכה מהאוניברסיטה, מרכבת באר שבע צפון, פארק ההייטק והקאנטרי.
דירה עם המון אור ורחוב שקט. יש פארק חמדמד מאחורה והמון חניה. מקלט שכונתי צמוד לבניין.",2500,רוטנברג 15,Gimel,2.0,45.0,0,1,0,https://www.yad2.co.il/realestate/item/071b9t41,yad2,דירה,31.258889,34.808397,"{'listingCount': 2, 'priceHistory': [{'date': '2026-06-08T15:22:53.301Z', 'price': 2500, 'apartmentId': 'd9a38ee9-af40-45e6-8e2e-38f4d82ba606'}, {'date': '2026-06-08T13:49:11.597Z', 'price': 2500, 'apartmentId': 'eff9e9b9-0ef6-4a17-85dc-305b97d5abb0'}]}",POINT (34.808397 31.258889),1382.3,1740.4,2724.3,1653.6,2413.5,767.0,1668.9,2221.6,1653.6
59,166,1e748cfb-11f6-4c80-9bc2-543f75b11b61,"ש""ח ללא דמי תיווך ש""ח

דירת 3.5 חדרים להשכרה (2 חדרי שינה + חדר עבודה וסלון) ברחוב חביבה רייק. 
הדירה מאד מרווחת, החדרים גדולים.
הדירה משופצת ומרוהטת ברובה, נמצאת בקומה הראשונה.
הדירה ממוקמת בקרבת תחנת רכבת צפון ובמרחק הליכה מהאוניברסיטה. 

מחיר - 3,000
חובה שיקים. 

כניסה החל מהתאריך 1.10.26.

בעל הדירה קשוב לצורכי הדיירים.",3000,חביבה רייק 10,Gimel,3.0,74.0,0,0,0,https://www.yad2.co.il/realestate/item/ca72h49z,yad2,דירה,31.257797,34.808469,,POINT (34.808469 31.257797),1446.8,1604.6,2588.4,1517.7,1727.6,831.5,1733.4,2286.2,1517.7
60,167,88101fb5-ea5f-4da0-8490-0d48b0fa958b,"(פיבקו- בניין חדש), הבניין נמצא במרחק 10 דק הליכה מהאוניברסיטה ו10 דק מהפקולטה לרפואה. ונמצא בקרבת סופרמרקט, מאפייה ופארק.
בכל חדר יש שירותים ומקלחת פרטיים!
חדר גדול - 1400 ש""ח (2 כאלו)
ממד - 1300 ש""ח",4100,גוש עציון 28,Gimel,4.0,110.0,1,0,1,https://www.yad2.co.il/realestate/item/kt5p1iby,yad2,דירה,31.256774,34.806828,"{'listingCount': 3, 'priceHistory': [{'date': '2026-06-08T15:23:07.462Z', 'price': 4100, 'apartmentId': 'd0c34f5e-c947-491c-93bb-95c4cd248f73'}, {'date': '2026-06-08T12:49:31.166Z', 'price': 4100, 'apartmentId': '88101fb5-ea5f-4da0-8490-0d48b0fa958b'}]}",POINT (34.806828 31.256774),1077.7,1395.7,2379.5,1308.8,1518.7,462.4,933.7,1917.1,1308.8
61,187,10c30cfb-f1f4-4801-b6d7-08611be28570,"דירה להשכרה ברחוב חביבה רייק 10, שכונה ג.
3 חדרים + חדר שירות ומחסן קטן,  79 מ""ר, קומה
ראשונה.
שכירות 2,300 ש""ח (לא כולל חשבונות).

לכניסה : 1/07/2026

נשאר בדירה:
מכונת כביסה, תנור גז, מקרר, ספה, שולחן אוכל,
בסיס מיטה, ארונות, מזגן בכל חדר.

מרי- 054-2002820",2300,חביבה רייק 10,Gimel,3.0,79.0,0,0,0,https://www.facebook.com/groups/213195335405493/posts/27357942457170747/,facebook,דירה,31.2577888818172,34.8084973982607,"{'listingCount': 3, 'priceHistory': [{'date': '2026-06-07T08:44:15.522Z', 'price': 2300, 'apartmentId': '10c30cfb-f1f4-4801-b6d7-08611be28570'}, {'date': '2026-06-05T09:10:34.308Z', 'price': 2300, 'apartmentId': 'db99ed77-49bc-4064-8eb7-7734efac56f4'}, {'date': '2026-06-03T05:49:28.888Z', 'price': 2300, 'apartmentId': 'c750be75-7d68-4459-af44-4449ea805b10'}]}",POINT (34.80849739826066 31.25778888181715),1446.8,1604.6,2588.4,1517.7,1727.6,831.5,1733.4,2286.2,1517.7
62,191,58dec00e-c7fe-496d-8a25-3899b402f4f2,"בוינגייט החדש, דירת 4 חדרים, קומה 3 מתוך 4, מרוהטת קומפלט, שמורה ונקייה, בסביבה סטודנטיאלית, קרובה לאוניברסיטה, בי""ח סורוקה, קופת חולים, מרכזים מסחריים, עירייה, מקומות בילוי ופנאי",3600,וינגייט 60,Gimel,4.0,84.0,0,0,0,https://www.yad2.co.il/realestate/item/wltyi44t,yad2,דירה,31.256074,34.802987,"{'listingCount': 2, 'priceHistory': [{'date': '2026-06-07T16:22:05.006Z', 'price': 3600, 'apartmentId': '5d3791d1-ae27-40e2-a1f6-562a67f9fd44'}, {'date': '2026-06-06T20:08:22.553Z', 'price': 3600, 'apartmentId': '58dec00e-c7fe-496d-8a25-3899b402f4f2'}]}",POINT (34.802987 31.256074),1281.1,879.9,1925.5,844.5,1064.7,665.8,593.1,794.4,844.5
63,202,c3d32e0a-9254-4f36-be6f-779028f79ad9,"בית פרטי 4 חדרים ממוקם בחלק הצפוני והמבוקש של ג. הבית כ-80 מ""ר וכולל יחידת הורים עם חדר רחצה פרטי (בנוסף למקלחת ושירותים כלליים), שתי חצרות מרווחות (קדמית ואחורית עם דשא סינטטי וגדר עץ לפרטיות מלאה) ושביל היקפי. בחצר יש מחסן מסודר למכונת כביסה המפנה מקום בתוך הבית. הנכס מגיע מרוהט חלקית, עם אפשרות נוחה לרכישת חלק מהריהוט מהשוכרת הנוכחית. כניסה ב-1.08.2026. קיים מקלט ציבורי נגיש במרחק 50 מטרי",5000,קרייתי 8,Gimel,4.0,400.0,0,1,0,https://www.komo.co.il/code/nadlan/details/?modaaNum=4870539,komo,בית,31.2570556957833,34.8045436666942,"{'listingCount': 3, 'priceHistory': [{'date': '2026-06-07T13:22:31.112Z', 'price': 5000, 'apartmentId': '00f9c365-b77f-4e12-ae04-dbd4bc6a1dd6'}, {'date': '2026-06-04T05:27:05.207Z', 'price': 5000, 'apartmentId': 'c3d32e0a-9254-4f36-be6f-779028f79ad9'}, {'date': '2026-06-03T17:15:20.564Z', 'price': 5000, 'apartmentId': '9646ecc1-a3b1-4009-81cb-dc36ce31ad61'}]}",POINT (34.80454366669422 31.25705569578325),996.3,1203.1,2187.0,1116.3,1326.2,381.0,854.6,777.4,1116.3
64,208,21cb217b-8ee6-410c-aea7-82c92617b4b5,"דירה להשכרה ברחוב חביבה רייק 10, שכונה ג. 3 חדרים + חדר שירות ומחסן קטן, 79 מ""ר, קומה ראשונה. שכירות 2,300 ש""ח (לא כולל חשבונות). לכניסה : 1072026 נשאר בדירה: מכונת כביסה, תנור גז, מקרר, ספה, שולחן אוכל, בסיס מיטה, ארונות, מזגן בכל חדר",2300,רייק חביבה 10,Gimel,3.0,79.0,0,0,0,https://www.komo.co.il/code/nadlan/details/?modaaNum=4869969,komo,דירה,31.2577888818172,34.8084973982607,,POINT (34.80849739826066 31.25778888181715),1446.8,1604.6,2588.4,1517.7,1727.6,831.5,1733.4,2286.2,1517.7
65,215,579a86f1-4156-4504-be6d-8610cee9acfb,"3 חדרי סוויטה, שיורתי אורחים, גינה 250 מ""ר, חדרי שינה ענקיים - סלון ומטבח ענקיים, מיקום מעולה 5 דק לבן גוריון וסורוקה.
המחיר כולל ארנונה ומים.",4950,גוש עציון 51,Gimel,4.0,350.0,0,0,0,https://www.yad2.co.il/realestate/item/hg2t2sr3,yad2,בית,31.258043,34.806653,,POINT (34.806653 31.258043),1166.8,1527.7,2511.6,1440.9,1650.8,551.5,1022.8,2006.1,1440.9
66,220,e8cfd965-6cb5-43df-b1bb-f06fb6954b5b,להשכרה 3 חדרים מרווחת בבניין קטן ומטופח. מרחק הליכה מהאוניברסיטה רחוב חביבה רייק 6 קומה 1 על עמודים עורפית לגינה שקטה במיוחד מטבח חדש סלון גדול ומרווח 2 חדרי שינה מרפסת פנימית נעימה יכולה לשמש כחדר עבודה או פינת ישיבה כיפית הרבה חנייה ברחוב,2200,רייק חביבה 6,Gimel,3.0,78.0,1,0,0,https://www.komo.co.il/code/nadlan/details/?modaaNum=4868563,komo,דירה,31.2572675,34.8083061,,POINT (34.8083061 31.2572675),1380.0,1537.7,2521.6,1450.9,1660.8,764.7,1666.6,2219.3,1450.9
67,222,09b8cd93-9adf-4fd4-988b-0f5b33ad6980,בית קרקע שקט בית אמצעי מקוטג’ של 3 . מתאים גם לסטודנטים שני כניסות לבית. 2 חדרי שינה + חדר חיצוני + סלון אזור שקט שכנים טובים. קרוב לסורוקה ודי קרוב לאוניברסיטה. כניסה אחורית מתאים לקורקינטים ואופניים וקלנועיות. כניסה מיידית,3500,זיסו 10,Gimel,4.0,100.0,0,0,0,https://www.komo.co.il/code/nadlan/details/?modaaNum=4868543,komo,בית,31.2558429,34.8088371,,POINT (34.8088371 31.2558429),1645.9,1573.7,2557.5,1476.6,1696.7,800.6,1501.9,2471.1,1476.6
68,226,3bf9975d-8d7f-4a5c-8f37-597c8bc823da,"בית קרקע שקט בית אמצעי מקוטג' של 3 .
מתאים גם לסטודנטים
שני כניסות לבית.
2 חדרי שינה + חדר חיצוני + סלון
אזור שקט שכנים טובים.

קרוב לסורוקה ודי קרוב לאוניברסיטה.
כניסה אחורית מתאים לקורקינטים ואופניים וקלנועיות. 

כניסה מיידית",3500,א.ל. זיסו 10,Gimel,4.0,100.0,1,0,0,https://www.yad2.co.il/realestate/item/wh1w8bbx,yad2,בית,31.2552,34.808179,,POINT (34.808179 31.2552),1797.6,1665.1,2710.7,1629.8,1849.9,953.8,1378.4,2408.5,1629.8
69,227,ab00f35e-be4e-417a-a55f-151d0fe38591,"להשכרה  3 חדרים מרווחת בבניין קטן ומטופח.
מרחק הליכה מהאוניברסיטה רחוב חביבה רייק 6
קומה 1 על עמודים
עורפית לגינה שקטה במיוחד
מטבח חדש
סלון גדול ומרווח
2 חדרי שינה
מרפסת פנימית נעימה יכולה לשמש כחדר עבודה או פינת ישיבה כיפית
הרבה חנייה ברחוב",2200,חביבה רייק 6,Gimel,3.0,78.0,1,0,0,https://www.yad2.co.il/realestate/item/b58hsiut,yad2,דירה,31.257294,34.808287,,POINT (34.808287 31.257294),1382.7,1540.4,2524.2,1453.5,1663.4,767.3,1669.3,2222.0,1453.5
70,245,f5cd89f1-c076-4b04-b137-66ca0382264a,בית פרטי עם חצר ענקית. פרטיות מקסימלית. בדירה 3 חדרים . תשלום השכירות עבור כל חדר 1600 שח לא כולל ארנונה חשמל ומים. אין ועד בית,3200,זיסו 10,Gimel,3.0,100.0,0,0,0,https://www.komo.co.il/code/nadlan/details/?modaaNum=4866015,komo,בית,31.2558429,34.8088371,,POINT (34.8088371 31.2558429),1645.9,1573.7,2557.5,1476.6,1696.7,800.6,1501.9,2471.1,1476.6
71,247,5c51f152-1e3c-4427-a023-613ff59a9f6d,"****נא לפנות בוואטסאפ או באתר בלבד***
דירה שמורה היטב, מרוהטת חלקית, מזגן בכל חדר ומקלט בבניין. 
דלת כניסה עם קודן + מגרש חניה פרטי צמוד לבניין
כניסה ב-1.9.2026 
מתאימה לזוג או לשני שותפים",2600,וינגייט 51,Gimel,3.0,64.0,0,1,0,https://www.yad2.co.il/realestate/item/j9lcca2c,yad2,דירה,31.2556,34.802577,"{'listingCount': 2, 'priceHistory': [{'date': '2026-05-29T05:10:09.435Z', 'price': 2600, 'apartmentId': 'd3bfbae5-9f4c-4da0-8cfb-7c666ea6da0c'}, {'date': '2026-05-28T19:33:04.096Z', 'price': 2600, 'apartmentId': '5c51f152-1e3c-4427-a023-613ff59a9f6d'}]}",POINT (34.802577 31.2556),1324.0,837.0,1882.6,801.7,1021.8,708.7,550.2,751.5,801.7
72,255,7bdd1226-259b-4485-9f22-aebc5cea3612,"דירה באזור הכי מבוקש ליד האונברסיטה , בית חולים סרוקה , 
מטבח חדש
דירה מלאה באור
עורפית 
קומה ראשונה על עמודים ",3200,וינגייט 61,Gimel,3.0,90.0,0,0,0,https://www.yad2.co.il/realestate/item/5my5vxqv,yad2,דירה,31.255495,34.801058,"{'listingCount': 2, 'priceHistory': [{'date': '2026-05-28T05:22:47.914Z', 'price': 3200, 'apartmentId': '95d148fc-ea7c-4826-8a8f-10cf1e845211'}, {'date': '2026-05-27T10:50:18.546Z', 'price': 3200, 'apartmentId': '7bdd1226-259b-4485-9f22-aebc5cea3612'}]}",POINT (34.801058 31.255495),1473.8,1305.4,2351.0,1270.1,1490.3,1280.4,1018.7,1220.0,1270.1
73,264,17e8127b-78c9-4e8f-9445-f37bca12e94e,"🔥להשכרה ללא תיווך🔥
ברחוב וינגייט 8 דירת 4 חדרים
מתאימה ל3 שותפים או משפחה
כ 5 דקות מהרכבת וכ8 דקות מהאוניברסיטה

📌קומה 2
📌 כ80 מטר מרווח מאוד
📌 משופצת
📌 בקרבת פארק גדול
📌 בקרבת תחבורה ציבורית
📌 כניסה מיידית

מחיר רק 2,200❗️מהרו❗️
לפרטים נוספים, אבישי גז 050-455-6263",2200,וינגייט 8,Gimel,4.0,80.0,0,0,0,https://www.facebook.com/groups/213195335405493/posts/27199287599702901/,facebook,דירה,31.2557639,34.8026345,"{'listingCount': 3, 'priceHistory': [{'date': '2026-05-29T07:07:07.460Z', 'price': 2200, 'apartmentId': '31a6fe8f-e2a7-4386-ab8f-e1fac365b7c3'}, {'date': '2026-05-26T19:04:22.359Z', 'price': 2200, 'apartmentId': 'ecc98d19-ebce-4ed1-90a7-1a060304f541'}, {'date': '2026-05-26T18:47:16.056Z', 'price': 2200, 'apartmentId': '17e8127b-78c9-4e8f-9445-f37bca12e94e'}]}",POINT (34.8026345 31.2557639),1317.1,843.8,1889.4,808.5,1028.7,701.8,557.1,758.4,808.5
74,266,4d72fabf-cc02-4cff-8e2a-22a16b08f2b0,"דירה באיזור סטודנטיאלי,קרובה לאוניברסיטה ולסורוקה
גדולה מאוד 72מ""ר
מרפסת ומחסן בדירה ,שירותים ומקלחת בנפרד
אפשרות לטווח ארוך.
נא לא בשבת",2600,וינגייט 20,Gimel,3.0,72.0,1,0,0,https://www.yad2.co.il/realestate/item/kx3hyzwj,yad2,דירה,31.256667,34.80842,"{'listingCount': 3, 'priceHistory': [{'date': '2026-05-31T06:35:14.299Z', 'price': 2600, 'apartmentId': 'f91f593a-b994-4211-8fb8-20fa5e7df45e'}, {'date': '2026-05-27T05:08:57.451Z', 'price': 2600, 'apartmentId': '0792aee8-a98e-4961-aab3-aa1e90ec42cd'}, {'date': '2026-05-26T13:14:19.512Z', 'price': 2600, 'apartmentId': '4d72fabf-cc02-4cff-8e2a-22a16b08f2b0'}]}",POINT (34.80842 31.256667),1540.7,1470.1,2453.9,1383.2,1593.1,697.0,1598.9,2151.7,1383.2
75,271,81f5cae3-c835-4ee6-bc0b-2eb1a2952487,"דירת גן מושלמת לזוג צעיר, מתאימה גם לזוג סטודנטים. חנייה בשפע ליד הדירה ומרחב מוגן קרוב. 3 חדרים מרווחים עם גינה מרווחת ומרוהטת. הדירה שופצה לפני שלוש שנים ובמצב מעולה. בעל הבית 1010 עוזר בהכל!",2800,גוש עציון 29,Gimel,3.0,105.0,0,0,1,https://www.komo.co.il/code/nadlan/details/?modaaNum=4863578,komo,דירת גן,31.2551332511792,34.8072803134712,,POINT (34.80728031347121 31.25513325117915),1277.6,1373.6,2419.2,1338.3,1558.4,662.3,1086.8,2117.0,1338.3
76,272,133c96c3-a725-482d-b444-09a0aa72c6c7,"דירת 3 חדרים + סלון גדול. מרפסת + גינה עם חצר ענקית ! מרחק הליכה המאונברסיטה. מתאים מאוד לשותפים. מקלט במרחק של 30 שניות הליכה. משופץ, ריהוט לפי הצורך. - יכול להתאים גם לעובדים זרים.",3500,גולני 8,Gimel,4.0,350.0,1,1,0,https://www.komo.co.il/code/nadlan/details/?modaaNum=4863575,komo,בית,31.2572541705039,34.8075707458644,,POINT (34.80757074586435 31.25725417050393),1188.0,1549.0,2532.8,1462.1,1672.0,572.7,1044.0,2027.4,1462.1
77,273,d05a2a6d-d66c-471e-b79a-4947529afd44,"להשכרה כניסה ב- 1.9.2026
רחוב ויינגיט 56 המבוקש!
דירת 4 חד 
קומה 3/4
משופצת 
ממוזגת
מטבח ענק 
2 שירותים 1 מקלחת 
בניין מסודר עם ועד בית, חניה פרטית לדיירי הבניין.
ועוד...",3600,וינגייט 57,Gimel,4.0,85.0,0,0,0,https://www.yad2.co.il/realestate/item/1842dnws,yad2,דירה,31.255502,34.801672,"{'listingCount': 2, 'priceHistory': [{'date': '2026-05-25T19:12:42.266Z', 'price': 3600, 'apartmentId': 'd05a2a6d-d66c-471e-b79a-4947529afd44'}, {'date': 'fb89e692-8fcb-478f-86e3-008ea2bd8782', 'price': 3700, 'apartmentId': 'fb89e692-8fcb-478f-86e3-008ea2bd8782'}]}",POINT (34.801672 31.255502),1347.7,783.3,1828.9,748.0,968.1,807.0,496.5,697.8,748.0
78,275,51dcb2d4-0084-4a27-96c0-fef719971975,"דירת גן מושלמת לזוג צעיר, מתאימה גם לזוג סטודנטים.
חנייה בשפע ליד הדירה ומרחב מוגן קרוב.
3 חדרים מרווחים עם גינה מרווחת ומרוהטת.
הדירה שופצה לפני שלוש שנים ובמצב מעולה.
בעל הבית 10/10 עוזר בהכל!",2800,גוש עציון 29,Gimel,3.0,105.0,1,1,0,https://www.yad2.co.il/realestate/item/evb4jug9,yad2,דירת גן,31.255174,34.807335,,POINT (34.807335 31.255174),1274.4,1370.4,2416.0,1335.1,1555.2,659.1,1083.6,2113.8,1335.1
79,276,ebefb6eb-5be1-44b8-8ead-a5f60eaaccab,"*להשכרה בפרויקט של פיבקו - רחוב גוש עציון*
בבנייו מפואר עם מעלית, ממ""ד ומרפסת
4 חדרים מרווחים, בקומה 1, כ-118 מ""ר בנוי
מרפסת גדולה של כ15 מ""ר , יש חניה פרטית
*כניסה בתחילת ספטמבר*",3600,גוש עציון,Gimel,4.0,118.0,1,0,1,https://www.yad2.co.il/realestate/item/8libc010,yad2,דירה,31.256969988764,34.8083555955056,,POINT (34.8083555955056 31.256969988764),1344.1,1501.9,2485.7,1415.0,1624.9,728.8,1630.7,2183.5,1415.0
80,277,9d704bb3-7458-46fa-8212-b9abde64e195,"דירת 3 חדרים ענקית כולל ריהוט חלקי ארון בגדים ובסיסי מיטה, מקרר ותנור משולב מזגנים בכל חדר ומזגן גדול בסלון.
תאריך כניסה 01/09/2026 מחיר מבוקש 3400 ש""ח לחודש.
ישנה אפשרות להיכנס מחודש אוגוסט.",3400,גולומב 25,Gimel,3.0,190.0,0,0,0,https://www.yad2.co.il/realestate/item/jq1tpepk,yad2,בית,31.254545,34.801638,"{'listingCount': 2, 'priceHistory': [{'date': '2026-05-26T05:08:53.245Z', 'price': 3400, 'apartmentId': '53525117-b0d0-4f82-b6a9-f5fe7a8e6271'}, {'date': '2026-05-25T13:32:22.063Z', 'price': 3400, 'apartmentId': '9d704bb3-7458-46fa-8212-b9abde64e195'}]}",POINT (34.801638 31.254545),1428.2,1259.9,2305.5,1224.6,1444.7,1234.8,1099.3,1174.4,1224.6
81,278,c267242f-62df-4cd0-b76f-470e23d3dd09,"דירת 4 חדרים בקומה 3 מתוך 4.
ריהוט מלא בכל חדר הכולל מיטה וארון בגדים ושולחן כתיבה.
כולל מקרר, תנור משולב, מכונת כביסה, מזגנים בכל חדר ומזגן בסלון. 
תאריך כניסה 01/09/2026 מחיר מבוקש 3600 ש""ח לחודש.
בבניין קיים מקלט.",3600,וינגייט 57,Gimel,4.0,90.0,0,1,0,https://www.yad2.co.il/realestate/item/edsou96l,yad2,דירה,31.255502,34.801672,"{'listingCount': 10, 'priceHistory': [{'date': '2026-06-08T15:22:04.914Z', 'price': 3500, 'apartmentId': 'f98caa27-9222-4bb6-9f2a-63ff9e3e7fe0'}, {'date': '2026-06-08T08:27:30.973Z', 'price': 3500, 'apartmentId': 'e613ec68-8ef4-47d0-882a-a9d1996ee149'}, {'date': '2026-06-07T13:01:53.296Z', 'price': 3500, 'apartmentId': '07bf91a8-bff2-4eb4-9306-1adce8de13e3'}, {'date': '2026-06-06T11:08:42.781Z', 'price': 3500, 'apartmentId': '5ba8ffad-3c2b-4802-95cd-87ddefc337a4'}, {'date': '2026-06-03T16:36:15.681Z', 'price': 3500, 'apartmentId': 'a31431ab-f9ee-46e9-a289-74fa91fe5f43'}, {'date': '2026-05-26T05:08:26.076Z', 'price': 3600, 'apartmentId': '4a02c274-6c0c-49f2-8621-de4187afce8c'}, {'date': '2026-05-25T13:13:25.763Z', 'price': 3600, 'apartmentId': 'c267242f-62df-4cd0-b76f-470e23d3dd09'}, {'date': '2026-05-11T18:56:30.827Z', 'price': 3500, 'apartmentId': 'eb2e7faf-6a54-46a4-bd7f-d1a1d0ed8a88'}]}",POINT (34.801672 31.255502),1347.7,783.3,1828.9,748.0,968.1,807.0,496.5,697.8,748.0
82,286,5ec9860d-4db4-4985-9d27-7fcee888485d,"דירה נחמדה מתאימה לאדם אחד 
קרובה לאוניברסיטה ולבית החולים 
יש ריהוט חלקי 
",2000,גוש עציון 38,Gimel,2.0,40.0,1,0,0,https://www.yad2.co.il/realestate/item/w8tzecp4,yad2,דירה,31.258572,34.807463,,POINT (34.807463 31.258572),1265.2,1626.2,2610.0,1539.3,2299.2,649.9,1551.8,2104.6,1539.3
83,288,21c755cb-0321-4951-b20b-1d106298ca9d,"דירה משופצת מהיסוד. כולל מטבח חדש דלתות פנים וכניסה חדשות. מאובזרת לגמרי (מכונת כביסה. תנור.כיריים. מיקרוגל. מכונת קפה)
מתאימה לשותפים. ניתן להפוך את הסלון לחדר שינה.יש בסלון דלת פנים. 
אזור שקט ונעים.",2500,גוש עציון 52,Gimel,3.0,85.0,0,0,0,https://www.madlan.co.il/bulletin/vP9WomjdsV5,madlan,דירה,31.2583956,34.809065,,POINT (34.809065 31.2583956),1774.3,1740.7,2724.5,1653.8,2413.8,809.7,2046.8,2068.0,1653.8
84,290,177e01ec-04e3-423f-a8fd-4c5a0e5610da,"בניין הממוקם מול סורוקה והכי קרוב לשדרות רגר מרחק של כמה דקות הליכה מהאוניברסיטה ומצירי תנועה מרכזיים.
בניין וגינה מתוחזקים היטב, כניסה עם קודן, מקלט גדול ומתוחזק היטב.
הדירה שופצה לפני כשנתיים, הוחלפה צנרת במקלחת בשירותים ובמטבח וצנרת חיצונית לניקוז ולדוד.
הדירה צבועה ומוארת, הוחלפו דלתות,חלונות ומיזוג חדש בסלון.
בבית 3 חדרי שינה ממוזגים 
ריהוט חלקי (מקרר, תנור,ארונות קיר בכל חדר),גמיש ברהוט.",3500,וינגייט 61,Gimel,4.0,92.0,0,1,0,https://www.yad2.co.il/realestate/item/zufl3yjs,yad2,דירה,31.255495,34.801058,"{'listingCount': 2, 'priceHistory': [{'date': '2026-05-24T05:10:33.288Z', 'price': 3500, 'apartmentId': '66d83a94-bf5b-4372-81fd-fd108b358cb1'}, {'date': '2026-05-23T19:15:15.123Z', 'price': 3500, 'apartmentId': '177e01ec-04e3-423f-a8fd-4c5a0e5610da'}]}",POINT (34.801058 31.255495),1473.8,1305.4,2351.0,1270.1,1490.3,1280.4,1018.7,1220.0,1270.1
85,298,b8ea5f32-c6dc-4b31-81fe-1f0285629925,מדובר על דירת 4 חדרים גדולה ומרווחת  .עם ממד גדול ותיקני  .מטבח מדוגם ונקי מאוד. עם מזווה צמוד . ..חדר מרווח  עם  מקלחת ושירותים צמודים.  תריס חשמלי  . לידו עוד חדר  ותריס חשמלי  ולידו עוד שירותים ומקלחת  ועוד חדר ממד תיקני מרווח.  סלון מרווח  מואר .ויציאה  למרפסת שמש ענקית עם נוף אורבני פתוח. בנוסף חניה תת קרקעית פרטית.4 מזגנים בכל חדר.  בניין בן 6 שנים .הדירה עברה צבע כללי היא במצב חדש.,4200,גוש עציון 24,Gimel,4.0,120.0,1,0,1,https://www.yad2.co.il/realestate/item/ryi8scyb,yad2,דירה,31.256047,34.807261,"{'listingCount': 4, 'priceHistory': [{'date': '2026-06-06T20:24:47.926Z', 'price': 4200, 'apartmentId': '4e28791e-ca5b-447b-b62c-b1f680b4c740'}, {'date': '2026-05-22T05:10:15.785Z', 'price': 4200, 'apartmentId': 'b8ea5f32-c6dc-4b31-81fe-1f0285629925'}, {'date': '2026-05-15T09:54:24.313Z', 'price': 4200, 'apartmentId': 'be133c48-c141-4dbe-bb33-d70e5d328078'}, {'date': '2026-05-15T06:30:14.934Z', 'price': 4200, 'apartmentId': '303c0f10-29ba-4074-93a0-6617064024a8'}]}",POINT (34.807261 31.256047),1192.0,1288.0,2333.6,1252.6,1472.8,576.7,1001.2,2031.3,1252.6
86,15,a1dec765-9df4-41cf-ac34-fe2f5c3da868,"דירת 5 חדרים יפיפפיה במגדלי אביסרור היוקרתיים.
מרפסת עורפית עם נוף חלומי.
3 שירותים ,2 חדרי רחצה.מטבח משודרג ומטבחון.
בית מרווח ומואר.",6500,רגר 53,Bet,5.0,125.0,0,0,1,https://www.madlan.co.il/bulletin/mPKH1F614Io,madlan,דירה,31.2538282,34.7983238,,POINT (34.7983238 31.2538282),1470.0,657.4,1965.7,592.2,812.3,602.4,206.3,281.4,592.2
87,16,9d30439d-6013-41de-a788-a80361d5fae2,קרוב לאוניברסיטה ולמכללה. מתחת לבית מיני סופר. תחנת אוטובוס. אזור הנחשב מצוין,2400,חיים נחמן ביאליק 15,Bet,2.0,50.0,1,0,0,https://www.yad2.co.il/realestate/item/b89zexol,yad2,דירה,31.254763,34.79244,,POINT (34.79244 31.254763),1608.9,990.7,2104.6,100.9,642.4,298.3,702.6,1325.8,100.9
88,18,33a13bee-59e5-4343-b4c4-388c2abfcf56,"דירה עם ממד משופצת ומרוהטת ,כניסה בנפרד מהבניין. 10 דק הליכה מאוניברסיטה וממכללה טכנולוגית. אזור סטודנטיאלי שוקק חיים 2 דקות ממרכזהנגב. תחנת אוטובוס מול דירה, חניה בשפע, מתאים לזוגות צעירים. לא כולל חשמל,מים ואנונה",3000,דרך מצדה 54,Bet,3.0,42.0,0,0,1,https://www.komo.co.il/code/nadlan/details/?modaaNum=4859597,komo,דירה,31.2579975,34.7958844,"{'listingCount': 2, 'priceHistory': [{'date': '2026-05-19T13:01:44.375Z', 'price': 3000, 'apartmentId': '33a13bee-59e5-4343-b4c4-388c2abfcf56'}, {'date': '2026-05-19T07:28:48.607Z', 'price': 3000, 'apartmentId': '7e829b82-03b8-453c-9506-9092f27bf36c'}]}",POINT (34.7958844 31.2579975),1149.9,451.2,1645.5,241.4,135.5,503.4,523.2,140.8,241.4
89,23,26ed4ec1-75a9-4818-a02f-e19b309614ec,"דירה מוארת ומרווחת מאוד , 3 חדרי שינה פינת אוכל וסלון מטבח עם מזווה צמוד .
חדר רחצה עם שירותים וחדר שירותים נפרד בנוסף.
בניין נעים ומטופח .",2950,בני אור 16,Bet,4.0,98.0,0,0,0,https://www.yad2.co.il/realestate/item/tz72po8s,yad2,דירה,31.258649,34.786462,"{'listingCount': 2, 'priceHistory': [{'date': '2026-05-19T09:03:46.086Z', 'price': 2950, 'apartmentId': '41c7ca20-f6e9-4e1a-9ca0-a95fb3c17ce8'}, {'date': '2026-05-18T18:27:45.566Z', 'price': 2950, 'apartmentId': '26ed4ec1-75a9-4818-a02f-e19b309614ec'}]}",POINT (34.786462 31.258649),2306.8,1389.9,2582.0,329.3,1194.9,1177.8,978.5,1527.4,329.3
90,36,c8ed562a-3c02-4798-9428-896da7e8836b,5 חדרים קומה 22 בניין מטופח לגמרי + חדר כושר -וועד בית 500 שח -ארנונה 1700 לחודשים + בית.כנסת חדש צמוד לבניין +מחסן,5800,"י""א הספורטאים 28",Bet,5.0,180.0,1,0,1,https://www.yad2.co.il/realestate/item/61cr2ozd,yad2,דירה,31.255272,34.784909,,POINT (34.784909 31.255272),2323.5,1722.4,2598.7,1118.3,1393.5,1194.5,995.2,1544.1,1118.3
91,40,627b9e45-2374-4f24-a18e-10ec026aea31,"דירה במצב מעולה שמורה, ממש על פארק הסופרים. עם שלושה כיווני אוויר ונוף פתוח. דירה מוארת.
ארבעה חדרים, שני חדרי שירותים. מטבח מושקע עם הרבה אחסון.
מתאים לזוגות או משפחות צעירות, אפשרי בעלי חיים.
עם ממ""ד!! ומעלית! וחניה!
לטווח ארוך :)",3900,בצלאל 29,Bet,4.0,100.0,0,0,1,https://www.yad2.co.il/realestate/item/g77jv7ct,yad2,דירה,31.252816,34.787953,"{'listingCount': 2, 'priceHistory': [{'date': '2026-05-16T19:42:12.604Z', 'price': 3900, 'apartmentId': 'f1d00703-b3b5-4a73-bbf6-a5c128372848'}, {'date': '2026-05-16T16:12:45.469Z', 'price': 3900, 'apartmentId': '627b9e45-2374-4f24-a18e-10ec026aea31'}]}",POINT (34.787953 31.252816),2234.4,1633.3,2730.1,256.1,1268.0,923.9,1116.5,2035.5,256.1
92,47,14fa36ab-588e-494e-a513-ceb81809d7c1,"דירה כיפית עם חצר ענקית ,מאווררת, מוארת ושקטה , הרגשה של בית פרטי ,מרחק הליכה לאוניברסיטה ,",3800,ביאליק 9,Bet,3.0,150.0,0,0,0,https://www.komo.co.il/code/nadlan/details/?modaaNum=4856917,komo,דירה,31.2552234434179,34.7938378926468,,POINT (34.7938378926468 31.2552234434179),1458.3,817.0,1954.0,91.1,491.9,147.8,552.0,449.2,91.1
93,48,08f7b292-43b1-4ed1-afc3-7dde85d0e563,"דירה כיפית עם חצר ענקית ,מאווררת, מוארת ושקטה , הרגשה של בית פרטי ,מרחק הליכה לאוניברסיטה ,",3800,חיים נחמן ביאליק,Bet,3.0,150.0,1,0,0,https://www.yad2.co.il/realestate/item/u53d72t9,yad2,דירה,31.254906,34.793783,,POINT (34.793783 31.254906),1647.0,1022.9,2142.7,573.9,698.2,703.6,758.4,655.6,573.9
94,49,a28c9dcc-f01b-43f8-82e1-3ecd6f604fb4,"דירה שמורה ונעימה, בשכונה מבוקשת באווירה קהילתית. מושלם למשפחות צעירות. 5 חדרים, אחד מהם ממ""ד; אינסטלציה חודשה, חנייה. ריהוט חלקי (מקרר, תנור, כיריים במטבח; ארונות בחדרים)",5100,הזז חיים 6,Bet,5.0,110.0,0,0,1,https://www.komo.co.il/code/nadlan/details/?modaaNum=4856219,komo,דירה,31.2538740948915,34.7965176042688,,POINT (34.79651760426881 31.25387409489146),1644.7,919.1,2140.4,427.9,648.0,438.2,566.0,641.1,427.9
95,51,7d6592ef-d96e-482c-a41d-a2d6853b2be1,"השכרה, דירה, קומה 11, באר שבע",5600,בצלאל,Bet,4.0,130.0,1,0,1,https://www.yad2.co.il/realestate/item/99s51d2c,yad2,דירה,31.254492,34.790157,"{'listingCount': 2, 'priceHistory': [{'date': '2026-05-15T12:31:15.959Z', 'price': 5600, 'apartmentId': 'a0a14b35-2d41-49eb-978d-ede453c892b2'}, {'date': '2026-05-13T14:30:10.329Z', 'price': 5600, 'apartmentId': '7d6592ef-d96e-482c-a41d-a2d6853b2be1'}]}",POINT (34.790157 31.254492),1868.3,1267.2,2364.0,325.0,901.8,557.8,840.7,1337.2,325.0
96,53,70883a44-6e30-4018-8dfc-6b794212009a,"בדירה יש מקרר חדש . תנור וכיריים . מכונת כביסה . 

מיטה וארון בכל חדר .טלוויזיה בכל חדר ובסלון .סלון ופינת אוכל וארונות מטבח. מזגן חדש בכל חדר ובסלון .מקלחת משופצת עם אסלה ועוד שירותים בנפרד .",3500,יהודה הלוי,Bet,3.0,70.0,1,0,1,https://www.yad2.co.il/realestate/item/00wkssuq,yad2,דירה,31.257507,34.787457,,POINT (34.787457 31.257507),2118.8,1201.9,2394.0,147.3,1188.8,989.8,790.5,1339.3,147.3
97,54,73f585ab-e5df-420f-a5a6-24ad7d5169b4,"דירת 4 חדרים משופצת, גדולה ומרווחת, מוארת מאוד עם שלושה כיווני אוויר.
תריסים וחלונות חדשים מחוסמים אטומים לרעש, רשתות וסורגים חדשים, כולל מפתח לפתיחת הסורג בחדרים.
מזגן בסלון ובכל חדר, מקלחת אחת גדולה ושני שירותים, אחד בחדר מקלחת ואחד בחדר נפרד
חדר שירות עם מקום למכונת כביסה ומייבש, כולל ארון שירות.
מרפסת קטנה עם מקומות לאחסון.
חנייה גדולה צמודה לבניין
מתאימה למשפחה ולסטודנטים!",3600,בני אור,Bet,4.0,100.0,1,0,0,https://www.yad2.co.il/realestate/item/4f83vhvu,yad2,דירה,31.258809,34.78527,,POINT (34.78527 31.258809),2428.8,1511.9,2704.0,1462.5,1316.9,1299.8,1100.5,1649.3,1462.5
98,56,b9a2d462-50a2-45ef-97af-476e1650f22b,המחיר כולל מים וארנונה,1900,דרך מצדה,Bet,2.0,40.0,0,0,0,https://www.yad2.co.il/realestate/item/ow8bt06b,yad2,דירה,31.258568,34.779078,,POINT (34.779078 31.258568),2565.8,1648.9,2827.7,1709.7,1453.9,1964.3,1224.2,1030.8,1648.9
99,59,aa5acb80-d0b5-4fe9-bebb-483a096f5ee9,"דירה מעולה וחדשה, בבניין חדש.
4 חדרים, קומה 15, מרפסת עם נוף פתוח לעיר ולשקיעה.
בדירה יש ממ""ד, חניה פרטית, חד""כ בבניין, פיר אשפה.

בעלת בית מקסימה, עוזרת בהכל.
לפרטים נוספים ותיאום נא לפנות למיכל",4500,אברהם מחרז,Bet,4.0,134.0,1,0,1,https://www.yad2.co.il/realestate/item/refvf9xz,yad2,דירה,31.255101,34.782823,,POINT (34.782823 31.255101),2681.1,1690.7,2956.3,1153.6,1751.1,2316.4,1352.8,1614.8,1153.6
100,75,homendy_61,"רחוב: בני אור 58 שכונה: שכונה ב רחבי העיר ( מפת המעגלים ) 3 חדרים קומה 2 מתוך 4 80 מ""ר 2100 ₪ זהבה ברנשטיין 0584234338 | מספר: 58 ריהוט: אין כניסה: כניסה גמישה חצר/מרפסת: אין ארנונה: 600 ועד בית: 40 מעלית: אין דוד שמש: יש שתף באמצעות: פתיחה בעמוד חדש סגור",2100,בני אור 58,Bet,3.0,80.0,0,0,0,https://www.homendy.co.il/apts/61/modal,homendy,דירה,31.2582617,34.7874604,,POINT (34.7874604 31.2582617),2204.7,1287.8,2479.9,237.6,1092.8,1075.7,876.4,1425.3,237.6
101,105,homendy_301,"רחוב: בני אור 23 שכונה: שכונה ב רחבי העיר ( מפת המעגלים ) 2 חדרים קומה 3 מתוך 4 25 מ""ר 1950 ₪ ישראל 0527152353 | מספר: 23 ריהוט: יש כניסה: כניסה גמישה חצר/מרפסת: אין ארנונה: 0 ועד בית: 0 מעלית: אין דוד שמש: יש שתף באמצעות: פתיחה בעמוד חדש סגור
מרוהטת.",1950,בני אור 23,Bet,2.0,25.0,0,0,0,https://www.homendy.co.il/apts/301/modal,homendy,דירה,31.2582617,34.7874604,,POINT (34.7874604 31.2582617),2204.7,1287.8,2479.9,237.6,1092.8,1075.7,876.4,1425.3,237.6
102,134,homendy_494,"רחוב: דרך מצדה 95 שכונה: שכונה ב מעגל 1 ( מפת המעגלים ) 4 חדרים קומה 3 מתוך 4 מ""ר 2200 ₪ שקד  שקד 0503011408 | מספר: 95 ריהוט: חלקי כניסה: כניסה גמישה חצר/מרפסת: אין ארנונה: כלול ועד בית: כלול מעלית: אין דוד שמש: יש שתף באמצעות: פתיחה בעמוד חדש סגור",2200,דרך מצדה 95,Bet,4.0,4.0,0,0,0,https://www.homendy.co.il/apts/494/modal,homendy,דירה,31.2579975,34.7958844,,POINT (34.7958844 31.2579975),1149.9,451.2,1645.5,241.4,135.5,503.4,523.2,140.8,241.4
103,142,homendy_625,"רחוב: בני אור 23 שכונה: שכונה ב רחבי העיר ( מפת המעגלים ) 2 חדרים קומה 3 מתוך 4 35 מ""ר 2100 ₪ ישראל 0527152353 | מספר: 23 ריהוט: יש כניסה: 03/05/26 חצר/מרפסת: אין ארנונה: 0 ועד בית: 0 מעלית: אין דוד שמש: יש שתף באמצעות: פתיחה בעמוד חדש סגור
מרוהטת.",2100,בני אור 23,Bet,2.0,35.0,0,0,0,https://www.homendy.co.il/apts/625/modal,homendy,דירה,31.2582617,34.7874604,,POINT (34.7874604 31.2582617),2204.7,1287.8,2479.9,237.6,1092.8,1075.7,876.4,1425.3,237.6
104,149,4976f827-bd63-40eb-8ab0-b681abe93608,"דירה במיקום הכי מרכזי בבאר שבע! צמודה לאוניברסיטה ומרכזי קניות, משופצת מוארת ויפה עם מקלחון חדש שהוחלף גם הוא השנה, איזור מבוקש עם חניה בשפע ונוף פתוח עם כיווני אוויר טובים, יש מעלית ומזגן. קיים ריהוט. כל הקודם זוכה!",2450,ביאליק 15,Bet,2.0,50.0,0,0,0,https://www.komo.co.il/code/nadlan/details/?modaaNum=4874014,komo,דירה,31.2546881545393,34.7925108861866,,POINT (34.79251088618664 31.25468815453934),1738.1,1119.9,2233.8,229.4,771.6,427.6,831.8,1397.6,229.4
105,152,f4dcd87e-ab50-4a30-acc4-ef7f7d83f878,"השכרה, דירה, קומה 3, באר שבע",3500,בן יהודה 22,Bet,3.0,90.0,0,0,0,https://www.komo.co.il/code/nadlan/details/?modaaNum=4873986,komo,דירה,31.2540359800027,34.7952389283879,,POINT (34.79523892838789 31.25403598000265),1517.6,893.5,2013.3,367.1,520.9,311.1,445.4,514.0,367.1
106,154,fded2cf1-316e-4eb7-87a9-c88a5be2c368,"השכרה, דירה, קומה 3, באר שבע",3200,אליעזר בן יהודה 22,Bet,3.0,90.0,0,0,0,https://www.yad2.co.il/realestate/item/3qxs8liw,yad2,דירה,31.254225,34.795286,,POINT (34.795286 31.254225),1496.6,872.5,1992.3,267.7,500.0,290.1,418.0,493.0,267.7
107,159,1527b477-8d8f-4578-87db-b9533b9ed2eb,"דירה נעימה וכיפיית עם אנרגיות טובות, כיווני אוויר ומיקום מעולה. שלושה חדרים, מיזוג בכל חדר ומזגן בסלון. מחסן בתוך הדירה. קיימת מרפסת שהיא הגג של הדירה מלמטה, הכניסה למרפסת היא דרך מדרגות מעץ ויציאה מחלון אחד החדרים והיא כאמור בונוס לשוכרים כאקסטרה. הדירה מיועדת לסטודנטים בלבד.",3200,ביאליק 5,Bet,3.0,76.0,1,0,0,https://www.komo.co.il/code/nadlan/details/?modaaNum=4873541,komo,דירה,31.2553653035055,34.7949422632281,,POINT (34.79494226322805 31.25536530350553),1345.9,704.1,1841.6,100.1,331.5,35.3,439.6,336.8,100.1
108,160,e027fd61-50f8-47fe-bebd-6e2b3695d4b6,"דירה במיקום הכי מרכזי בבאר שבע! 
צמודה לאוניברסיטה ומרכזי קניות, משופצת מוארת ויפה עם מקלחון חדש שהוחלף גם הוא השנה, איזור מבוקש עם חניה בשפע ונוף פתוח עם כיווני אוויר טובים, יש מעלית ומזגן. קיים ריהוט. כל הקודם זוכה!",2450,חיים נחמן ביאליק 15,Bet,2.0,50.0,0,0,0,https://www.yad2.co.il/realestate/item/df1d1z3k,yad2,דירה,31.254763,34.79244,,POINT (34.79244 31.254763),1608.9,990.7,2104.6,100.9,642.4,298.3,702.6,1325.8,100.9
109,168,3429d667-dc37-4802-9ac7-1761b021b619,"דירה נעימה וכיפיית עם אנרגיות טובות, כיווני אוויר ומיקום מעולה.
שלושה חדרים, מיזוג בכל חדר ומזגן בסלון. 
מחסן בתוך הדירה. ",3200,חיים נחמן ביאליק 5,Bet,3.0,76.0,1,0,0,https://www.yad2.co.il/realestate/item/h8h8573x,yad2,דירה,31.255409,34.794981,,POINT (34.794981 31.255409),1342.4,700.7,1838.1,98.2,328.1,31.9,436.1,333.3,98.2
110,177,7f7d3d98-3d8f-4854-8a09-b7d462d7abd4,"להשכרה בשכונה ב'-פרוייד 
דירת 6 חדרים 2 מפלסים 
חדשה איכלוס ראשוני
משופצת קצה 
אופציה לריהוט קומפלט .
מחיר השכרה 12000 לא כולל ריהוט . 
מחיר השכרה כולל ריהוט 15000
ממוקמת על פארק הסופרים",10000,פרויד,Bet,6.0,160.0,1,0,0,https://www.yad2.co.il/realestate/item/8dkkkoic,yad2,בית,31.2556178888889,34.7922898888889,"{'listingCount': 2, 'priceHistory': [{'date': '2026-06-07T17:14:18.975Z', 'price': 10000, 'apartmentId': '7f7d3d98-3d8f-4854-8a09-b7d462d7abd4'}, {'date': 'cc0ddd5f-e76f-4e8b-92c3-458c191cc5f4', 'price': 15000, 'apartmentId': 'cc0ddd5f-e76f-4e8b-92c3-458c191cc5f4'}]}",POINT (34.7922898888889 31.2556178888889),1639.5,1021.3,2135.2,0.0,673.1,329.0,733.2,1416.8,0.0
111,192,500bb205-196c-475a-ab3d-490c690ac03b,"5 חדרים בדרך המשחררים 16 קומה 15
6500ש""ח 

לא למתווכים 
נא לפנות בווטסאפ בלבד (בבקשה)


4 חדרי שינה (אחד מאסטר עם חדר ארונות ומקלחת), 3 שירותים, 
אמבטיה, מרפסת (פרטית מאוד, ללא גג מעל-קומה אחרונה למרפסות) 
מטבח משודרג, ממד, מעלית, פרקט בכל הבית, חימום על גז (מים חמים 24/7), חנייה פרטית מקורה ונוחה, מחסן. 

כניסה ב 20.8(גמיש)",6500,דרך המשחררים 16,Bet,5.0,168.0,1,0,1,https://www.yad2.co.il/realestate/item/h1fcje84,yad2,דירה,31.251659,34.794984,"{'listingCount': 2, 'priceHistory': [{'date': '2026-06-07T16:40:58.959Z', 'price': 6500, 'apartmentId': '461b2400-3a00-49bd-a658-ff6039dc50b0'}, {'date': '2026-06-06T19:29:04.445Z', 'price': 6500, 'apartmentId': '500bb205-196c-475a-ab3d-490c690ac03b'}]}",POINT (34.794984 31.251659),2334.7,1692.9,2830.4,895.1,1320.4,1024.2,1211.1,1400.3,895.1
112,211,18eae14b-1fac-429b-8ea4-b59549413493,"דירת 2 חדרים עם חדר שינה גדול 5.30 מטר על 3 וסלון והמטבח פתוח. חצר כ 18 מ""ר מרוצפת וסגורה בחומה. מקלט אזורי במרחק של 20 מטר מהדירה. קרוב לפארק הסופרים כ 100 מטר, במרחק הליכה לאוניברסיטה והמכללה",2800,סעדיה גאון 14,Bet,2.0,70.0,0,1,0,https://www.komo.co.il/code/nadlan/details/?modaaNum=4869594,komo,דירת גן,31.2566516062099,34.7883911964894,"{'listingCount': 2, 'priceHistory': [{'date': '2026-06-03T05:06:13.717Z', 'price': 2800, 'apartmentId': '18eae14b-1fac-429b-8ea4-b59549413493'}, {'date': '2026-06-02T15:51:16.130Z', 'price': 2800, 'apartmentId': '1f1475d1-4414-4553-a253-6deae70169c0'}]}",POINT (34.78839119648938 31.25665160620991),1802.9,1201.8,2298.6,614.3,836.5,1518.5,1319.2,1359.4,614.3
113,212,45583911-f35e-4fe2-9b59-01e21a59d283,"דירת 3 חדרים שמורה ומתוחזקת, מזגנים בחדרים.",3400,ביאליק 45,Bet,3.0,70.0,0,0,0,https://www.komo.co.il/code/nadlan/details/?modaaNum=4869573,komo,דירה,31.2534112550952,34.7919359917989,,POINT (34.79193599179894 31.25341125509518),1891.5,1273.3,2387.1,348.7,925.0,580.9,985.2,1808.1,348.7
114,213,2982ed67-fd32-40d1-8afc-a49ba72ef663,"דירת 3 חדרים שמורה ומתוחזקת, מזגנים בחדרים.",3400,חיים נחמן ביאליק 45,Bet,3.0,70.0,1,0,0,https://www.yad2.co.il/realestate/item/obu4xdbv,yad2,דירה,31.253412,34.791893,,POINT (34.791893 31.253412),1887.4,1269.2,2383.0,346.2,920.9,576.8,981.1,1804.0,346.2
115,214,7b06983d-48a1-4d00-8f7f-938a5f58d173,"דירת גג חדר שינה גדול סלון פתוח עם המטבח ומרפסת גג גדולה כ 20 מ""ר. נמצאת במרחק של כ 100 מטר מפארק סופרים, מרחק הליכה מאוניברסיטה והמכללה סמי שמעון.
מקום שקט.",2800,"חז""ל 115",Bet,2.0,74.0,1,0,0,https://www.yad2.co.il/realestate/item/c9axwjtk,yad2,פנטהאוז,31.257324,34.78946,"{'listingCount': 2, 'priceHistory': [{'date': '2026-06-03T05:05:03.477Z', 'price': 2800, 'apartmentId': 'bb649621-b3cf-44e3-b546-ab7d58b23353'}, {'date': '2026-06-02T15:51:16.493Z', 'price': 2800, 'apartmentId': '7b06983d-48a1-4d00-8f7f-938a5f58d173'}]}",POINT (34.78946 31.257324),1625.3,673.9,2120.9,307.2,658.8,1340.8,537.9,1181.7,307.2
116,238,6053b847-04b3-420f-9703-5fddc3d50330,"דירת חדר וסלון ברחוב מצדה !!
(בגב של רחוב מינץ)
גינה מסופחת 
משופצת מהיסוד 
מרוהטת קומפלקט 
כניסה מיידית
צקים חובה !",2400,דרך מצדה,Bet,2.0,70.0,1,0,0,https://www.yad2.co.il/realestate/item/wc0co52q,yad2,דירת גן,31.2583444921875,34.7836240351563,"{'listingCount': 2, 'priceHistory': [{'date': '2026-05-31T11:14:29.474Z', 'price': 2400, 'apartmentId': '6053b847-04b3-420f-9703-5fddc3d50330'}, {'date': '400f4d16-7dae-40fc-8a28-5157fd44e7e4', 'price': 2500, 'apartmentId': '400f4d16-7dae-40fc-8a28-5157fd44e7e4'}]}",POINT (34.7836240351563 31.2583444921875),2135.1,1218.2,2397.0,1693.3,1023.2,992.8,793.5,1342.3,1218.2
117,241,5c65860b-e256-4ae5-82e0-2ab71adae13a,"השכרה, דירה, קומה 2, באר שבע,",2000,בני אור 46,Bet,3.0,100.0,0,0,0,https://www.yad2.co.il/realestate/item/dqveh79p,yad2,דירה,31.257682,34.783468,"{'listingCount': 2, 'priceHistory': [{'date': '2026-05-30T05:04:39.406Z', 'price': 2000, 'apartmentId': '6af5100c-d601-4d38-b11c-e39f8e0bb5a0'}, {'date': '2026-05-29T14:51:35.424Z', 'price': 2000, 'apartmentId': '5c65860b-e256-4ae5-82e0-2ab71adae13a'}]}",POINT (34.783468 31.257682),2481.2,1564.2,2756.4,1505.1,1551.2,1352.2,1152.9,1166.0,1505.1
118,246,f6865af0-e6ff-44bd-8739-ea22d758e2ba,"דירה שקטה ,כיפית ונוחה עם חצר ענקית(כ80 מטר ) מרחק הליכה מהאוניברסיטה ,מתאים לזוג (הכניסה לחצר מחדר אחד או מסביב לבניין) כניסה מיוני (צריך לברר עם הדיירים את תאריך הכניסה ) .",3700,חיים נחמן ביאליק 9,Bet,3.0,150.0,1,0,0,https://www.yad2.co.il/realestate/item/x3oo6svr,yad2,דירה,31.254906,34.793783,,POINT (34.793783 31.254906),1647.0,1022.9,2142.7,573.9,698.2,703.6,758.4,655.6,573.9
119,248,376f5b6d-cbc8-4f8d-a88b-fc035a715c95,להשכרה דירת 5 חדרים ענקים קומה 8 בבניין סופר יפה ומטופח מרפסת שמש 8 מר דירה ענקית בכניסה מיידית מפתחות במשרד,4500,חיים נחמן ביאליק 24,Bet,5.0,140.0,1,0,1,https://www.yad2.co.il/realestate/item/v17mek5k,yad2,דירה,31.254668,34.79161,"{'listingCount': 3, 'priceHistory': [{'date': '2026-05-28T17:16:44.670Z', 'price': 4500, 'apartmentId': '376f5b6d-cbc8-4f8d-a88b-fc035a715c95'}, {'date': '2026-05-13T15:13:38.224Z', 'price': 4750, 'apartmentId': '300366ba-af7c-498d-8c20-5c156a6ee11f'}, {'date': '2026-05-10T16:18:13.715Z', 'price': 4800, 'apartmentId': '82885f98-d352-4f80-a5a8-5dcbf27cd8c1'}]}",POINT (34.79161 31.254668),1703.4,1085.2,2199.1,84.1,736.9,392.9,797.1,1241.7,84.1
120,250,465573db-054a-40c4-9a3e-093fa2a960b0,"דירת 4 חדרים בסנטרל פארק קומה 19 דירה מהממת ומושקעת עם נוף פתוח (פרטיות מוחלטת אין בניינים מולך) חניה ומחסן חוזה לשנה , 12 שיקים ושיק פיקדון",4800,פרופ’ מחרז אברהם 18,Bet,4.0,108.0,0,0,0,https://www.komo.co.il/code/nadlan/details/?modaaNum=4865576,komo,דירה,31.2558767,34.7831168,,POINT (34.7831168 31.2558767),2621.1,1703.1,2896.3,1125.8,1691.1,1492.1,1292.9,1554.8,1125.8
121,251,7aef78b0-af12-4eaa-97f5-db9119918c29,"דירת 4 חדרים בסנטרל פארק קומה 19 דירה מהממת ומושקעת עם נוף פתוח (פרטיות מוחלטת אין בניינים מולך) חניה ומחסן 
חוזה לשנה , 12 שיקים ושיק פיקדון",4800,אברהם מחרז 18,Bet,4.0,108.0,0,0,0,https://www.yad2.co.il/realestate/item/9fa8465y,yad2,דירה,31.255101,34.782823,,POINT (34.782823 31.255101),2681.1,1690.7,2956.3,1153.6,1751.1,2316.4,1352.8,1614.8,1153.6
122,253,d48e3dfa-a381-4839-a93e-99c519779942,"מתאים לזוג ,יפה ומושקעת מרפסת וחצר ענקית, שקט מאוד ",3500,"חז""ל 98",Bet,2.5,205.0,1,0,0,https://www.yad2.co.il/realestate/item/e5phbkol,yad2,בית,31.257984,34.789885,"{'listingCount': 2, 'priceHistory': [{'date': '2026-05-28T12:22:13.078Z', 'price': 3500, 'apartmentId': '5a16b590-59c6-46a5-86c2-9f002698121a'}, {'date': '2026-05-28T08:11:05.232Z', 'price': 3500, 'apartmentId': 'd48e3dfa-a381-4839-a93e-99c519779942'}]}",POINT (34.789885 31.257984),1599.3,696.1,2094.9,248.8,632.8,1314.8,511.9,1155.7,248.8
123,261,d7f51eed-8ca5-48c9-9018-e47177792760,"דירה מעולה הממוקמת בבית מגורים מודרני, חדשני ותוסס. מתאים גם למשפחות",4611,יא’ הספורטאים 26,Bet,4.0,108.0,0,0,0,https://www.komo.co.il/code/nadlan/details/?modaaNum=4864434,komo,דירה,31.2552258718763,34.7837841391351,,POINT (34.78378413913513 31.25522587187631),2523.8,1922.7,2799.1,996.4,1593.8,1394.8,1195.6,1457.5,996.4
124,263,fe023242-69fb-42b1-a3b6-33b9cd5f2d5c,"בניין עורפי ושקט דירה נעימה, 4 חדרים (83 מטרים) במרכז שכונה ב, קרובה לפארק הסופרים ולמרכז ח""ן. מרחק הליכה מסמי שמעון (10 דקות), 25 דקות הליכה מהאוניברסיטה או תחנה צמודה של קו 16. מתאים לשותפים או למשפחות",3900,ביאליק 41,Bet,4.0,83.0,0,0,0,https://www.komo.co.il/code/nadlan/details/?modaaNum=4864408,komo,דירה,31.2535444248836,34.7927232572285,,POINT (34.79272325722852 31.25354442488356),1852.8,1234.6,2348.5,346.6,886.3,542.3,946.5,1512.3,346.6
125,267,b17c22bf-66a1-472b-9aea-2ef3152882c8,"דירה מעולה הממוקמת בבית מגורים מודרני, חדשני ותוסס. מתאים גם למשפחות",4611,"י""א הספורטאים 26",Bet,4.0,108.0,1,0,1,https://www.yad2.co.il/realestate/item/lexygzck,yad2,דירה,31.255731,34.783698,,POINT (34.783698 31.255731),2595.6,1644.0,2870.8,1087.0,1665.6,1466.5,1267.3,1529.2,1087.0
126,285,2ed0ab6e-8a4a-4471-a4b5-f0c71fb3b6f1,"דירה משופצת  המקלחת, השירותים והמטבח,",2900,יהודה הלוי 2,Bet,3.0,65.0,0,0,0,https://www.yad2.co.il/realestate/item/jdrzdh0y,yad2,דירה,31.252451,34.787221,"{'listingCount': 2, 'priceHistory': [{'date': '2026-05-25T05:24:17.227Z', 'price': 2900, 'apartmentId': 'd686d3c5-54a3-43ce-9e7b-f858b4b11bf5'}, {'date': '2026-05-24T17:12:48.459Z', 'price': 2900, 'apartmentId': '2ed0ab6e-8a4a-4471-a4b5-f0c71fb3b6f1'}]}",POINT (34.787221 31.252451),2443.9,1842.8,2719.1,1357.2,1513.9,1730.9,1115.6,1155.8,1357.2
